GEOID,tract_name,total_jobs,resident_workers,jobs_worker_ratio,low_wage_jobs,medium_wage_jobs,high_wage_jobs,share_low_wage_jobs,share_low_wage_resident_workers,job_density_per_sq_mi,median_rent,median_household_income,affordable_rent_estimate,rent_affordability_gap,wage_housing_mismatch_flag,rent_burden_rate,poverty_rate,unemployment_rate,households_without_vehicles,no_vehicle_share,people_of_color_share,nh_white_share,nh_black_share,hispanic_share,bachelors_plus_share,hs_plus_share,transit_access_flag,nearest_stop_miles,stops_within_0_25_mi,stops_within_0_5_mi,routes_within_0_5_mi,transit_metric_status,spatial_mismatch_score_equal,spatial_mismatch_score_custom,spatial_mismatch_score,spatial_mismatch_tier,opportunity_access_index,opportunity_access_tier,area_sq_mi,centroid_lon,centroid_lat
31055007435,Census Tract 74.35,195,1983,0.09833585476550681,39,70,86,0.2,0.19818456883509833,291.07518112631016,1684.0,84635.0,2115.875,-431.875,False,0.4005847953216374,0.0470498474059003,0.0283926852743022,7.0,0.0044671346522016,0.264367816091954,0.735632183908046,0.057471264367816,0.108695652173913,0.2477317554240631,0.967258382642998,,,,,,GTFS unavailable - placeholder,26.9,33.1,33.1,Lower,61.3,Moderate,0.6699300134262599,-96.06276808800277,41.29905450398434
31055007436,Census Tract 74.36,1126,2355,0.4781316348195329,280,524,322,0.24866785079928952,0.1961783439490446,1292.226636274846,1069.0,65960.0,1649.0,-580.0,False,0.500590318772137,0.1216617210682492,0.0297786720321931,110.0,0.0592353257942918,0.3125458547322084,0.6874541452677916,0.136219124480313,0.0420640743458058,0.2241206030150754,0.9547738693467336,,,,,,GTFS unavailable - placeholder,33.3,38.3,38.3,Moderate,56.6,Moderate,0.8713641774526222,-96.06313533332542,41.2929995624933
31055007439,Census Tract 74.39,4940,2712,1.8215339233038348,638,1242,3060,0.1291497975708502,0.1504424778761062,3991.8374262598,1365.0,106477.0,2661.925,-1296.9250000000002,False,0.4232283464566929,0.0164956749145041,0.0505450941526263,15.0,0.0077439339184305,0.2902836451418226,0.7097163548581774,0.0595453631060148,0.1868839267752967,0.4909697138093915,0.981661572659072,,,,,,GTFS unavailable - placeholder,24.0,29.6,29.6,Lower,66.8,Higher,1.2375253479770574,-96.10135587805647,41.28533089023365
31055007440,Census Tract 74.40,1633,1347,1.212323682256867,347,731,555,0.21249234537660747,0.1603563474387528,2138.9047243579735,1135.0,59940.0,1498.5,-363.5,False,0.360091743119266,0.0659655831739961,0.0215362526920315,31.0,0.0267011197243755,0.3637667304015296,0.6362332695984704,0.0970363288718929,0.0750478011472275,0.4416243654822335,0.9517766497461928,,,,,,GTFS unavailable - placeholder,28.0,33.4,33.4,Moderate,61.1,Moderate,0.763474867021097,-96.09173234615895,41.28475901283108
31055007518,Census Tract 75.18,2166,2273,0.9529256489221294,625,544,997,0.288550323176362,0.1869775626924769,1109.378799045298,1415.0,102083.0,2552.075,-1137.0749999999998,False,0.3246753246753247,0.0430629502035703,0.0575350467289719,147.0,0.0582408874801901,0.1029207232267037,0.8970792767732962,0.0114356359140781,0.0465152217586153,0.5152027027027027,0.972972972972973,,,,,,GTFS unavailable - placeholder,29.7,34.6,34.6,Moderate,55.5,Moderate,1.9524440180973375,-96.2260249645943,41.27665426548927
31055007523,Census Tract 75.23,627,1397,0.44881889763779526,81,194,352,0.1291866028708134,0.16964924838940587,635.7940745233044,1784.0,208325.0,5208.125,-3424.125,False,0.5125,0.0561085972850678,0.0180102915951972,7.0,0.0091264667535853,0.1667384747953468,0.8332615252046531,0.0017233950883239,0.0473933649289099,0.7238033635187581,0.9883570504527812,,,,,,GTFS unavailable - placeholder,27.2,33.2,33.2,Lower,64.8,Moderate,0.9861683603611784,-96.22541132146307,41.256537589310156
31055007519,Census Tract 75.19,4300,3068,1.4015645371577574,569,856,2875,0.13232558139534883,0.17014341590612778,1417.5315663489139,1446.0,126241.0,3156.025,-1710.025,False,0.5703245749613601,0.0177730518000911,0.0082880823092312,37.0,0.0142691862707288,0.1836641915441733,0.8163358084558267,0.007273829368086,0.08986210031823,0.564066852367688,0.9890900649953576,,,,,,GTFS unavailable - placeholder,25.0,30.6,30.6,Lower,65.7,Moderate,3.0334421483645393,-96.19732692970013,41.27350690626
31055007320,Census Tract 73.20,1025,1848,0.5546536796536796,299,209,517,0.2917073170731707,0.17424242424242425,762.4335213589346,1344.0,105467.0,2636.675,-1292.6750000000002,False,0.9365079365079364,0.0537078098053707,0.0,50.0,0.0361271676300578,0.5412663217541267,0.4587336782458733,0.1396895787139689,0.1194875585119487,0.2332373508844097,0.732620320855615,,,,,,GTFS unavailable - placeholder,29.0,34.4,34.4,Moderate,56.0,Moderate,1.3443795049476264,-96.03728578760077,41.32125405751038
31055007520,Census Tract 75.20,1122,2302,0.48740225890529976,392,436,294,0.3493761140819964,0.17593397046046916,1135.2614765353435,1574.0,194231.0,4855.775,-3281.7749999999996,False,0.517799352750809,0.0351278320515485,0.0,166.0,0.1106666666666666,0.1879027229266264,0.8120972770733735,0.0297235501974641,0.0311785491581791,0.7241253644314869,0.9613702623906706,,,,,,GTFS unavailable - placeholder,33.7,37.9,37.9,Moderate,49.1,Moderate,0.9883185708231591,-96.18503208335117,41.284061899968314
31055007522,Census Tract 75.22,510,1036,0.4922779922779923,147,125,238,0.28823529411764703,0.14575289575289574,260.74468382243515,1540.0,159709.0,3992.725,-2452.725,False,0.390625,0.0069040697674418,0.0,43.0,0.0448383733055265,0.2593398621690242,0.7406601378309757,0.0018135654697134,0.0671019223793979,0.6876824284880327,0.9935785172212492,,,,,,GTFS unavailable - placeholder,27.9,33.2,33.2,Lower,55.6,Moderate,1.9559363302198924,-96.21753295555837,41.29718271108783
31055006605,Census Tract 66.05,3916,1576,2.484771573604061,338,812,2766,0.08631256384065372,0.15228426395939088,7896.239824417634,1294.0,60281.0,1507.025,-213.0250000000001,False,0.4494773519163763,0.0663946587537092,0.0110981308411214,309.0,0.1795467751307379,0.2920450417726117,0.7079549582273883,0.1398474391572829,0.0504903741373047,0.3739456419868791,0.9597000937207124,,,,,,GTFS unavailable - placeholder,37.6,39.9,39.9,Moderate,60.4,Moderate,0.49593225219559667,-96.0579421774219,41.27097148396557
31055006606,Census Tract 66.06,2310,1516,1.5237467018469657,671,612,1027,0.2904761904761905,0.20316622691292877,3171.637931303014,1241.0,49149.0,1228.725,12.275000000000091,True,0.5283018867924528,0.226546212647672,0.0788601722995361,35.0,0.0267175572519083,0.3111037012337445,0.6888962987662555,0.0893631210403467,0.1150383461153718,0.3331567796610169,0.9020127118644068,,,,,,GTFS unavailable - placeholder,34.4,39.7,39.7,Moderate,57.3,Moderate,0.7283302981090832,-96.0449537172153,41.27317628688941
31055007521,Census Tract 75.21,909,2210,0.4113122171945701,206,394,309,0.22662266226622663,0.16561085972850678,915.597163378609,2188.0,133711.0,3342.775,-1154.775,False,0.4615384615384615,0.0183879093198992,0.0206684256816182,0.0,0.0,0.2627204030226701,0.7372795969773299,0.0136020151133501,0.1221662468513853,0.5128644939965694,0.9867066895368782,,,,,,GTFS unavailable - placeholder,25.2,31.3,31.3,Lower,60.7,Moderate,0.9927946878360074,-96.18624742224377,41.2985881332708
31055007524,Census Tract 75.24,6411,2167,2.9584679280110753,1628,1475,3308,0.25393854312899705,0.16335948315643747,3192.518432849338,1683.0,118156.0,2953.9,-1270.9,False,0.5148387096774194,0.0358594310303609,0.0079398244880902,103.0,0.0549333333333333,0.1593172119487909,0.8406827880512091,0.0033191085822664,0.051683262209578,0.7255238749570594,0.998282377189969,,,,,,GTFS unavailable - placeholder,26.9,31.3,31.3,Lower,60.1,Moderate,2.008132493154676,-96.19323492308169,41.256005211536085
31055007319,Census Tract 73.19,719,2841,0.25307990144315384,88,220,411,0.12239221140472879,0.1812741992256248,500.8369941706365,1052.0,99821.0,2495.525,-1443.525,False,0.7916666666666666,0.0677054349842329,0.0373456790123456,57.0,0.0300632911392405,0.5501762196253015,0.4498237803746985,0.1947690595436839,0.1326284548321276,0.3239929947460595,0.8569760653823701,,,,,,GTFS unavailable - placeholder,29.4,35.0,35.0,Moderate,63.7,Moderate,1.435596827647749,-96.0439381902518,41.321470190257386
31055007409,Census Tract 74.09,31029,1413,21.959660297239914,4444,7558,19027,0.14322085790711914,0.16631280962491155,6189.8461216042715,1329.0,81591.0,2039.775,-710.7750000000001,False,0.4748201438848921,0.0673989016475287,0.0333055786844296,30.0,0.034090909090909,0.1739780658025922,0.8260219341974078,0.0274177467597208,0.0623130608175473,0.3808290155440414,0.9507772020725388,,,,,,GTFS unavailable - placeholder,4.9,4.3,4.3,Lower,93.4,Higher,5.012887136515434,-96.1002807467499,41.220365129869464
31055007424,Census Tract 74.24,333,1645,0.20243161094224923,108,94,131,0.32432432432432434,0.1829787234042553,536.4971759915159,1083.0,56179.0,1404.475,-321.4749999999999,False,0.4248447204968944,0.1713815789473684,0.0587475790832795,92.0,0.0613742494996664,0.3110016420361248,0.6889983579638752,0.1083743842364532,0.0840722495894909,0.4538355535140101,0.9462563160312356,,,,,,GTFS unavailable - placeholder,35.6,40.7,40.7,Moderate,52.6,Moderate,0.6206929223524301,-96.06595256459322,41.28164937098273
31055007429,Census Tract 74.29,1840,1629,1.1295273173726212,405,498,937,0.22010869565217392,0.1731123388581952,1494.5781836014564,1825.0,138125.0,3453.125,-1628.125,False,0.309192200557103,0.0200898757599788,0.0139949109414758,8.0,0.0055020632737276,0.0938408670367433,0.9061591329632568,0.0132170235263018,0.0155960877610362,0.5564937675914756,0.9919581825492562,,,,,,GTFS unavailable - placeholder,24.8,30.6,30.6,Lower,61.7,Moderate,1.2311165920849902,-96.15207730721728,41.24107299345798
31055007432,Census Tract 74.32,1041,1715,0.606997084548105,449,361,231,0.4313160422670509,0.18483965014577258,1135.910388371747,1609.0,78622.0,1965.55,-356.54999999999995,False,0.5115511551155115,0.061689449702068,0.0223266745005875,47.0,0.0365758754863813,0.2614791447599018,0.7385208552400981,0.0778128286014721,0.113564668769716,0.3529411764705882,0.9345841784989858,,,,,,GTFS unavailable - placeholder,29.2,34.7,34.7,Moderate,49.6,Moderate,0.9164455318453466,-96.10411056930813,41.29821327721246
31055007433,Census Tract 74.33,737,2265,0.32538631346578367,208,225,304,0.28222523744911804,0.19426048565121412,602.265346901382,1136.0,74846.0,1871.15,-735.1500000000001,False,0.5987577639751552,0.1225710014947683,0.0360696517412935,75.0,0.0408719346049046,0.2729709968315866,0.7270290031684133,0.1703631489154277,0.0272970996831586,0.4021577380952381,0.9739583333333334,,,,,,GTFS unavailable - placeholder,32.2,37.6,37.6,Moderate,55.8,Moderate,1.2237131088345352,-96.09633112946973,41.298045437495475
31055007473,Census Tract 74.73,3555,173,20.54913294797688,243,658,2654,0.06835443037974684,0.17341040462427745,2373.49683433841,,73750.0,1843.75,,,0.375,0.6630727762803235,0.1608695652173913,0.0,0.0,0.5364647713226205,0.4635352286773795,0.3337453646477132,0.1260815822002472,0.3140495867768595,1.0,,,,,,GTFS unavailable - placeholder,26.6,27.0,27.0,Lower,96.7,Higher,1.4977900743612844,-96.13350545878836,41.25548679997432
31055007474,Census Tract 74.74,6855,724,9.468232044198896,418,1148,5289,0.06097738876732312,0.1574585635359116,6869.645529498741,3501.0,238793.0,5969.825,-2468.825,False,0.8484848484848485,0.0336134453781512,0.0541935483870967,69.0,0.1058282208588957,0.1118293471234648,0.8881706528765352,0.0271493212669683,0.0038784744667097,0.7062556663644606,0.9682683590208522,,,,,,GTFS unavailable - placeholder,23.1,24.7,24.7,Lower,75.5,Higher,0.997868080756736,-96.1280660885792,41.2698397214885
31055007434,Census Tract 74.34,563,1711,0.32904734073641145,192,184,187,0.3410301953818828,0.18351841028638224,875.265953684048,1162.0,68726.0,1718.15,-556.1500000000001,False,0.4593406593406593,0.1212225274725274,0.0061728395061728,148.0,0.1073241479332849,0.3509615384615384,0.6490384615384616,0.0576923076923076,0.1713598901098901,0.2845744680851064,0.9579787234042552,,,,,,GTFS unavailable - placeholder,36.9,41.2,41.2,Moderate,49.5,Moderate,0.6432330626254781,-96.07757023404179,41.29628145746408
31055007456,Census Tract 74.56,1740,1286,1.3530326594090203,146,326,1268,0.0839080459770115,0.17729393468118196,2566.790676213635,1165.0,70982.0,1774.55,-609.55,False,0.3090909090909091,0.1181172291296625,0.0016194331983805,14.0,0.0137120470127326,0.1234458259325044,0.8765541740674956,0.0,0.0714920071047957,0.3167622689611217,0.9298916507329508,,,,,,GTFS unavailable - placeholder,28.9,34.5,34.5,Moderate,67.9,Higher,0.6778893254228024,-96.10782938459043,41.209361115371856
31055007457,Census Tract 74.57,4838,1590,3.0427672955974843,1107,1297,2434,0.2288135593220339,0.18867924528301888,6040.9645622356675,974.0,58148.0,1453.6999999999998,-479.6999999999998,False,0.3897937024972855,0.0880876312186216,0.014336917562724,141.0,0.1079632465543644,0.193518941122775,0.806481058877225,0.0543130990415335,0.0492925604746691,0.3920145190562613,0.911070780399274,,,,,,GTFS unavailable - placeholder,32.6,36.1,36.1,Moderate,58.5,Moderate,0.8008654826820456,-96.07946993422702,41.20816471054292
31055007458,Census Tract 74.58,221,1581,0.13978494623655913,67,94,60,0.3031674208144796,0.20556609740670462,450.2108658086631,967.0,67614.0,1690.35,-723.3499999999999,False,0.3170731707317073,0.109083850931677,0.058433734939759,88.0,0.0686963309914129,0.4976708074534162,0.5023291925465838,0.1750776397515528,0.2434006211180124,0.3188253801782905,0.9695857367593078,,,,,,GTFS unavailable - placeholder,33.9,38.9,38.9,Moderate,53.1,Moderate,0.4908810888050038,-96.05013221874405,41.20844984373779
31055007459,Census Tract 74.59,2076,1727,1.2020845396641575,659,588,829,0.3174373795761079,0.1789229878401853,2270.0932819943364,1207.0,59036.0,1475.9,-268.9000000000001,False,0.4425427872860635,0.0537106555010106,0.025512756378189,103.0,0.0618618618618618,0.3593885203345832,0.6406114796654168,0.0054802422843957,0.2832419959619267,0.2759965337954939,0.8648180242634316,,,,,,GTFS unavailable - placeholder,30.1,34.9,34.9,Moderate,54.3,Moderate,0.9144998650347,-96.03385039604326,41.20577410892987
31055007461,Census Tract 74.61,622,3291,0.18900030385900943,243,214,165,0.39067524115755625,0.1856578547553935,618.843060123085,1470.0,151783.0,3794.575,-2324.575,False,0.2270058708414872,0.0130997216309153,0.0159078442128359,35.0,0.0158586316266425,0.2030456852791878,0.7969543147208121,0.016702145079417,0.0435565744227935,0.49800796812749,0.9651394422310756,,,,,,GTFS unavailable - placeholder,26.4,32.3,32.3,Lower,52.0,Moderate,1.0051013578083707,-96.16927162364613,41.19585676341679
31055007462,Census Tract 74.62,3654,2529,1.4448398576512456,799,911,1944,0.21866447728516694,0.17793594306049823,3593.6951363810376,1411.0,79063.0,1976.575,-565.575,False,0.4130052724077329,0.0863845647884235,0.0365646258503401,18.0,0.0100111234705228,0.2338938632889277,0.7661061367110723,0.0554706267744048,0.1035160515396374,0.3246376811594202,0.9004830917874396,,,,,,GTFS unavailable - placeholder,27.3,32.9,32.9,Lower,62.0,Moderate,1.0167807399710849,-96.14763283332567,41.19658697775387
31055007463,Census Tract 74.63,1564,2402,0.6511240632805995,507,556,501,0.3241687979539642,0.19858451290591175,1556.0838359783945,1180.0,79453.0,1986.325,-806.325,False,0.65,0.053095053095053,0.0513582342954159,26.0,0.0160394818013571,0.170889348500517,0.8291106514994829,0.0118924508790072,0.1362461220268872,0.3525398028809704,0.969294920394238,,,,,,GTFS unavailable - placeholder,27.4,33.1,33.1,Lower,55.7,Moderate,1.0050872349153528,-96.12957725436056,41.19839995614054
31055007464,Census Tract 74.64,2021,1606,1.2584059775840597,154,496,1371,0.07619990103908957,0.16749688667496887,1650.891309652867,1548.0,88316.0,2207.9,-659.9000000000001,False,0.425287356321839,0.0615604867573371,0.0373470701867353,28.0,0.0200860832137733,0.144695652173913,0.855304347826087,0.0003478260869565,0.0664347826086956,0.4624352331606217,0.9641623488773748,,,,,,GTFS unavailable - placeholder,27.3,32.8,32.8,Lower,67.8,Higher,1.2241871940224556,-96.10646798059429,41.19792219418839
31055007454,Census Tract 74.54,1974,2290,0.8620087336244542,450,539,985,0.22796352583586627,0.185589519650655,2134.5969934509017,1778.0,107581.0,2689.525,-911.5250000000001,False,0.3876582278481013,0.0424539304875204,0.0155417406749555,91.0,0.049349240780911,0.1539157990040742,0.8460842009959257,0.0178813942960615,0.0823902218198279,0.4824914781530833,0.9612643321970872,,,,,,GTFS unavailable - placeholder,29.1,34.3,34.3,Moderate,58.6,Moderate,0.9247647242343051,-96.14966753384142,41.21409039099118
31055000300,Census Tract 3,91,1050,0.08666666666666667,28,37,26,0.3076923076923077,0.2542857142857143,197.32932062741352,1209.0,40656.0,1016.4,192.60000000000002,True,0.6819526627218935,0.337798696596669,0.1713147410358565,198.0,0.1939275220372184,0.8099203475742216,0.1900796524257784,0.4551049963794352,0.2114409847936278,0.0776223776223776,0.8552447552447553,,,,,,GTFS unavailable - placeholder,61.8,64.5,64.5,Moderate,35.9,Moderate,0.4611580261395682,-95.94918805127655,41.311636256429104
31055000400,Census Tract 4,2288,644,3.5527950310559007,139,414,1735,0.06075174825174825,0.2096273291925466,1523.5234888763134,946.0,63611.0,1590.275,-644.2750000000001,False,0.3666666666666666,0.2045079714128642,0.0478260869565217,59.0,0.0795148247978436,0.3271028037383178,0.6728971962616822,0.0291368884002199,0.2572842221000549,0.1520376175548589,0.7750783699059561,,,,,,GTFS unavailable - placeholder,34.4,38.2,38.2,Moderate,68.5,Higher,1.5017819001186075,-95.93920106799263,41.31595872817408
31055006604,Census Tract 66.04,1030,2101,0.4902427415516421,239,329,462,0.2320388349514563,0.190861494526416,1132.2321271893231,968.0,71250.0,1781.25,-813.25,False,0.445993031358885,0.0686961206896551,0.0097856477166822,173.0,0.1009334889148191,0.1695629278567667,0.8304370721432333,0.0647709320695102,0.0516061084781463,0.2978132592849705,0.9527941686914266,,,,,,GTFS unavailable - placeholder,34.3,38.6,38.6,Moderate,55.1,Moderate,0.9097074489105814,-96.03727628379228,41.27140519370856
31055006701,Census Tract 67.01,15523,1812,8.566777041942604,2526,3905,9092,0.16272627713715132,0.1545253863134658,7782.6582984522,1127.0,115653.0,2891.3250000000003,-1764.3250000000003,False,0.4662921348314606,0.0376370887337986,0.021395822720326,172.0,0.0973401245048104,0.0699527010206622,0.9300472989793378,0.0102066218571072,0.0316156335573811,0.7276091783863805,0.9851961509992598,,,,,,GTFS unavailable - placeholder,23.6,25.7,25.7,Lower,70.0,Higher,1.9945627065609683,-96.04172126033015,41.25767992307035
31055006704,Census Tract 67.04,4873,856,5.692757009345795,644,1145,3084,0.13215678226964908,0.19042056074766356,5607.945742662399,1564.0,99688.0,2492.2,-928.1999999999998,False,0.6108108108108108,0.1000543773790103,0.0297157622739018,47.0,0.0556213017751479,0.1126609442060085,0.8873390557939914,0.0150214592274678,0.0182403433476394,0.7578947368421053,0.9902255639097745,,,,,,GTFS unavailable - placeholder,26.3,29.9,29.9,Lower,69.6,Higher,0.8689456395643586,-96.07272518347716,41.25467071559182
31055006803,Census Tract 68.03,2763,1107,2.4959349593495936,731,945,1087,0.2645674990951864,0.20776874435411022,3562.798039310255,1131.0,97154.0,2428.85,-1297.85,False,0.2,0.0394366197183098,0.0260869565217391,96.0,0.1084745762711864,0.1487323943661972,0.8512676056338028,0.0569014084507042,0.04,0.5184659090909091,0.9701704545454546,,,,,,GTFS unavailable - placeholder,31.4,35.0,35.0,Moderate,56.0,Moderate,0.7755140677395531,-96.09409403127142,41.242132302072314
31055006903,Census Tract 69.03,380,1434,0.2649930264993027,91,93,196,0.2394736842105263,0.2105997210599721,658.9839086649675,1125.0,91193.0,2279.825,-1154.8249999999998,False,0.4300341296928328,0.0247307538891104,0.0227111426543648,24.0,0.0241691842900302,0.1558648111332008,0.8441351888667992,0.0194831013916501,0.0536779324055666,0.5149812734082397,0.9531835205992508,,,,,,GTFS unavailable - placeholder,27.3,33.1,33.1,Lower,58.6,Moderate,0.5766453398988759,-96.09404718960894,41.22830470687571
31055006904,Census Tract 69.04,850,2097,0.40534096328087743,267,258,325,0.31411764705882356,0.15546018121125418,623.4199744578908,1559.0,118023.0,2950.5750000000003,-1391.5750000000003,False,0.5280373831775701,0.0616125150421179,0.0084897229669347,33.0,0.0201096892138939,0.1051491819056785,0.8948508180943214,0.0117901828681424,0.0505293551491819,0.5884279475982532,0.9912663755458516,,,,,,GTFS unavailable - placeholder,28.3,34.0,34.0,Moderate,55.6,Moderate,1.3634468493556644,-96.06913403487283,41.22990508719213
31055006905,Census Tract 69.05,2839,1109,2.5599639314697926,731,806,1302,0.25748502994011974,0.1956717763751127,4311.831836014107,1254.0,76250.0,1906.25,-652.25,False,0.4292682926829268,0.0594427244582043,0.0353798126951092,38.0,0.0538243626062322,0.1203703703703703,0.8796296296296297,0.0290123456790123,0.0574074074074074,0.3537936913895993,0.9445865302642796,,,,,,GTFS unavailable - placeholder,28.2,32.7,32.7,Lower,59.4,Moderate,0.6584208540526931,-96.05206878831943,41.22922856204221
31055006906,Census Tract 69.06,1096,1652,0.6634382566585957,253,385,458,0.23083941605839417,0.17493946731234866,1248.4552639363944,1526.0,78750.0,1968.75,-442.75,False,0.3683360258481422,0.0495139732685297,0.0311065782763895,108.0,0.0679245283018867,0.2039651547011114,0.7960348452988886,0.0033042955842595,0.1595073595674376,0.3525463876825898,0.9747335175681012,,,,,,GTFS unavailable - placeholder,31.0,35.8,35.8,Moderate,57.2,Moderate,0.8778848803474935,-96.03381608624821,41.2284667069144
31055007001,Census Tract 70.01,11068,2166,5.109879963065558,1349,2290,7429,0.12188290567401518,0.21375807940904895,7552.234196468132,1288.0,51385.0,1284.625,3.375,True,0.5470639032815199,0.2502246181491464,0.0479365079365079,443.0,0.165607476635514,0.4508397810907718,0.5491602189092282,0.1341762596716361,0.2107944895263257,0.4130663856691254,0.9128907622058308,,,,,,GTFS unavailable - placeholder,40.8,42.6,42.6,Moderate,63.1,Moderate,1.4655265861824103,-96.01664943354224,41.236512643352434
31055007002,Census Tract 70.02,291,1803,0.16139767054908485,94,99,98,0.3230240549828179,0.1930116472545757,438.5022468952716,1199.0,74739.0,1868.475,-669.4749999999999,False,0.4763860369609856,0.0701857859038631,0.0164088138771683,137.0,0.0921938088829071,0.3265778807180081,0.6734221192819919,0.0356108859293572,0.2562246670526925,0.4394714407502131,0.9160272804774084,,,,,,GTFS unavailable - placeholder,34.1,38.6,38.6,Moderate,50.9,Moderate,0.6636225972851175,-95.99006343859341,41.22649540348845
31055000700,Census Tract 7,146,468,0.31196581196581197,39,50,57,0.2671232876712329,0.30128205128205127,407.6129182265262,850.0,37422.0,935.55,-85.54999999999995,False,0.2886597938144329,0.279424977538185,0.1120331950207468,96.0,0.1995841995841996,0.8301886792452831,0.1698113207547169,0.738544474393531,0.0368373764600179,0.0993006993006993,0.8237762237762237,,,,,,GTFS unavailable - placeholder,49.6,52.2,52.2,Moderate,47.8,Moderate,0.3581829561124512,-95.95146315149466,41.29467586364546
31055000800,Census Tract 8,278,936,0.297008547008547,31,68,179,0.11151079136690648,0.24786324786324787,459.32182962599484,1128.0,60578.0,1514.4499999999998,-386.4499999999998,False,0.3346303501945525,0.125395152792413,0.062047569803516,53.0,0.0705725699067909,0.916754478398314,0.0832455216016859,0.4726027397260274,0.2002107481559536,0.2313787638668779,0.7797147385103012,,,,,,GTFS unavailable - placeholder,34.5,39.4,39.4,Moderate,62.0,Moderate,0.605240121564357,-95.94017449367006,41.29349129115121
31055001100,Census Tract 11,794,1087,0.7304507819687213,151,297,346,0.190176322418136,0.2953081876724931,1090.6148321323217,1096.0,33484.0,837.0999999999999,258.9000000000001,True,0.5839057899901865,0.2863468634686347,0.0378787878787878,396.0,0.3443478260869565,0.6975218658892128,0.3024781341107871,0.4832361516034985,0.1337463556851311,0.1224623444662737,0.8179436804191225,,,,,,GTFS unavailable - placeholder,73.5,73.3,73.3,Higher,30.6,Lower,0.7280297100376001,-95.95188376925393,41.27734379485804
31055001200,Census Tract 12,1126,1299,0.8668206312548113,141,327,658,0.12522202486678508,0.2848344880677444,1567.0127757742084,1044.0,31852.0,796.3000000000001,247.69999999999993,True,0.5788146279949559,0.3810558331522919,0.1541889483065953,225.0,0.1725460122699386,0.7019896193771626,0.2980103806228373,0.38689446366782,0.1191608996539792,0.1554243083618278,0.7733913584084551,,,,,,GTFS unavailable - placeholder,63.8,66.7,66.7,Higher,43.7,Moderate,0.7185646584429927,-95.9426647272739,41.27733430301511
31055001600,Census Tract 16,8432,628,13.426751592356688,1751,1144,5537,0.20766129032258066,0.2929936305732484,12769.34198313223,1361.0,35299.0,882.4749999999999,478.5250000000001,True,0.6904500548847421,0.4563426688632619,0.08099173553719,169.0,0.1840958605664488,0.3357728337236534,0.6642271662763466,0.0500585480093676,0.110655737704918,0.7020109689213894,0.9104204753199268,,,,,,GTFS unavailable - placeholder,65.3,64.4,64.4,Moderate,45.1,Moderate,0.6603315982247419,-95.94651960154175,41.26399507811964
31055001800,Census Tract 18,19246,2205,8.728344671201814,2409,3159,13678,0.12516886625792373,0.17414965986394557,22023.037808582623,1417.0,76441.0,1911.025,-494.0250000000001,False,0.3893591293833132,0.1607636272293393,0.0,211.0,0.0710916442048517,0.2960354196015294,0.7039645803984705,0.1479170859327832,0.0867377742000402,0.5714998752183679,0.959321187921138,,,,,,GTFS unavailable - placeholder,26.2,28.7,28.7,Lower,73.4,Higher,0.8739030540327919,-95.92952466080226,41.25281919882877
31055001900,Census Tract 19,1120,780,1.435897435897436,175,207,738,0.15625,0.21666666666666667,5879.671993741953,941.0,39163.0,979.075,-38.075000000000045,False,0.4577893820713664,0.3148865522966242,0.042604501607717,300.0,0.2398081534772182,0.4962284482758621,0.5037715517241379,0.2235991379310344,0.1120689655172413,0.3283699059561129,0.8918495297805643,,,,,,GTFS unavailable - placeholder,52.6,54.1,54.1,Moderate,52.4,Moderate,0.19048681647412907,-95.94494426022251,41.25305524662642
31055002000,Census Tract 20,1794,1303,1.3768227168073677,353,437,1004,0.1967670011148272,0.22333077513430544,2840.1690691207937,1170.0,47020.0,1175.5,-5.5,False,0.6314878892733564,0.3021276595744681,0.0551543007222587,77.0,0.0677220756376429,0.7877659574468086,0.2122340425531914,0.0305851063829787,0.7406914893617021,0.171939477303989,0.7271893626776708,,,,,,GTFS unavailable - placeholder,39.7,44.4,44.4,Moderate,59.8,Moderate,0.6316525376974663,-95.94590051824783,41.23576518248916
31055006806,Census Tract 68.06,5842,1184,4.934121621621622,827,1523,3492,0.14156110920917495,0.17483108108108109,6694.98242296911,1097.0,58846.0,1471.15,-374.1500000000001,False,0.5021097046413502,0.270624181580096,0.0655375552282768,123.0,0.1033613445378151,0.4296482412060302,0.5703517587939698,0.198073701842546,0.0485762144053601,0.4712571067593177,0.9715729627289956,,,,,,GTFS unavailable - placeholder,37.1,40.0,40.0,Moderate,65.5,Moderate,0.8725937770885398,-96.03268771651413,41.24125148027288
31055004000,Census Tract 40,3250,1450,2.2413793103448274,710,865,1675,0.21846153846153846,0.22620689655172413,8469.426351061355,1013.0,36997.0,924.925,88.07500000000005,True,0.4221267454350161,0.276219512195122,0.0388529139685476,357.0,0.1571302816901408,0.3635536688902365,0.6364463311097635,0.1646452395391146,0.1140084899939357,0.4513466550825369,0.9044309296264118,,,,,,GTFS unavailable - placeholder,48.8,51.6,51.6,Moderate,50.6,Moderate,0.38373319104341974,-95.95469432953004,41.25619279548795
31055004200,Census Tract 42,4873,759,6.420289855072464,201,581,4091,0.04124769136055818,0.233201581027668,25734.220852328297,980.0,51957.0,1298.925,-318.92499999999995,False,0.5316698656429942,0.1843107387661843,0.0816929133858267,98.0,0.1342465753424657,0.3986636971046771,0.6013363028953229,0.0965107646622123,0.2219747587230883,0.4238721804511278,0.9238721804511278,,,,,,GTFS unavailable - placeholder,34.3,36.3,36.3,Moderate,70.5,Higher,0.18935875416485037,-95.9632702790482,41.25291069767392
31055004300,Census Tract 43,2365,1408,1.6796875,465,834,1066,0.19661733615221988,0.18323863636363635,6325.113054029975,1232.0,49878.0,1246.95,-14.950000000000045,False,0.4461839530332681,0.166015625,0.007063572149344,285.0,0.1486697965571205,0.2593500919681177,0.7406499080318822,0.0935009196811771,0.0493562231759656,0.6199170124481328,0.9149377593360996,,,,,,GTFS unavailable - placeholder,40.1,43.2,43.2,Moderate,55.8,Moderate,0.3739063602180465,-95.97071605354459,41.25433103568917
31055004500,Census Tract 45,409,1659,0.24653405666063893,95,109,205,0.23227383863080683,0.17600964436407474,1058.6838013940628,1264.0,64412.0,1610.3,-346.29999999999995,False,0.5456053067993366,0.1063029162746942,0.0568004168837936,117.0,0.0677083333333333,0.1297567061759201,0.8702432938240798,0.0330630068621335,0.024329382407985,0.6428571428571429,0.9705627705627704,,,,,,GTFS unavailable - placeholder,33.6,38.6,38.6,Moderate,56.5,Moderate,0.38632875978779824,-95.99441023530979,41.25364378823309
31055004600,Census Tract 46,819,1223,0.669664758789861,253,236,330,0.3089133089133089,0.18969746524938674,1101.5426648153439,1040.0,113550.0,2838.75,-1798.75,False,0.2876712328767123,0.065757818765036,0.0167417900837089,49.0,0.0424978317432784,0.198075380914194,0.8019246190858059,0.0400962309542902,0.0144346431435445,0.6703539823008849,0.9673672566371682,,,,,,GTFS unavailable - placeholder,29.7,35.0,35.0,Moderate,55.0,Moderate,0.7435027495165539,-96.00824731749391,41.254288968247764
31055007102,Census Tract 71.02,879,1746,0.5034364261168385,108,281,490,0.12286689419795221,0.17525773195876287,368.551599898542,1339.0,88844.0,2221.1,-882.0999999999999,False,0.3866666666666666,0.077634529147982,0.0250436808386721,28.0,0.0228571428571428,0.5381165919282511,0.4618834080717489,0.0302690582959641,0.460762331838565,0.2039215686274509,0.8501089324618737,,,,,,GTFS unavailable - placeholder,29.0,34.7,34.7,Moderate,64.4,Moderate,2.385012031536367,-95.99866835234171,41.19674944039495
31055007460,Census Tract 74.60,575,2340,0.24572649572649571,221,202,152,0.3843478260869565,0.18675213675213675,574.3051643439226,1476.0,172619.0,4315.474999999999,-2839.4749999999995,False,0.391304347826087,0.0378029797642873,0.0176151761517615,10.0,0.0071225071225071,0.1563264398487881,0.8436735601512119,0.0024460751612185,0.0391372025794974,0.6532754252623959,0.979370249728556,,,,,,GTFS unavailable - placeholder,26.6,32.7,32.7,Lower,52.8,Moderate,1.0012098718577103,-96.18608927955825,41.196352322546794
31055003600,Census Tract 36,1000,2195,0.45558086560364464,325,242,433,0.325,0.16719817767653758,1374.860467726709,1611.0,89421.0,2235.525,-624.5250000000001,False,0.2997032640949555,0.0498159509202454,0.0175712612260835,110.0,0.054617676266137,0.1694417238001958,0.8305582761998042,0.0430950048971596,0.0325661116552399,0.5537726186411744,0.9747354045749402,,,,,,GTFS unavailable - placeholder,30.3,35.4,35.4,Moderate,53.3,Moderate,0.7273465369569251,-95.99954994825586,41.24440855170522
31055003700,Census Tract 37,353,1337,0.26402393418100223,114,105,134,0.32294617563739375,0.18100224382946897,929.6266560420079,1317.0,95208.0,2380.2,-1063.1999999999998,False,0.3659420289855072,0.0369881109643328,0.0432692307692307,15.0,0.0132042253521126,0.0717745486569793,0.9282254513430208,0.0101276970497578,0.038749449581682,0.537180910099889,0.9495005549389568,,,,,,GTFS unavailable - placeholder,27.0,32.9,32.9,Lower,55.4,Moderate,0.37972233014803813,-95.98501120000097,41.24490916920812
31055003800,Census Tract 38,2895,1524,1.8996062992125984,131,360,2404,0.045250431778929186,0.20866141732283464,3914.5702571774623,1048.0,64527.0,1613.175,-565.175,False,0.3141176470588235,0.1597890164443065,0.0585585585585585,151.0,0.1003322259136212,0.4283356258596974,0.5716643741403026,0.0740027510316368,0.2836313617606602,0.3419452887537993,0.8495440729483282,,,,,,GTFS unavailable - placeholder,36.1,40.0,40.0,Moderate,65.7,Moderate,0.739544780092258,-95.96239466117471,41.243898611586864
31055006302,Census Tract 63.02,886,1957,0.45273377618804295,236,458,192,0.26636568848758463,0.2064384261624936,961.2914769689519,1073.0,61581.0,1539.525,-466.5250000000001,False,0.6463595839524517,0.1024734982332155,0.0952179432924248,263.0,0.1592009685230024,0.7605749486652977,0.2394250513347022,0.3997946611909651,0.0985626283367556,0.2346904998344919,0.7706057596822244,,,,,,GTFS unavailable - placeholder,39.9,43.1,43.1,Moderate,50.3,Moderate,0.9216767455315911,-95.99939332688928,41.304242826922746
31055006400,Census Tract 64,1001,2445,0.40940695296523516,395,340,266,0.3946053946053946,0.18936605316973415,945.9776842483185,1122.0,61599.0,1539.975,-417.9749999999999,False,0.5138888888888888,0.0410703173615432,0.0632737276478679,93.0,0.0367153572838531,0.2097075295581829,0.790292470441817,0.0925119269861024,0.0406554656710226,0.3673758865248226,0.9273758865248228,,,,,,GTFS unavailable - placeholder,28.7,34.2,34.2,Moderate,51.0,Moderate,1.0581644965498342,-96.01357209148453,41.2694963594824
31055007312,Census Tract 73.12,2929,1162,2.5206540447504304,639,968,1322,0.21816319562990782,0.22117039586919104,2658.8097073601084,1061.0,45941.0,1148.525,-87.52500000000009,False,0.8090040927694406,0.126163007071083,0.0008467400508044,209.0,0.1774193548387097,0.4535012967765839,0.5464987032234161,0.4016302334197851,0.0033345683586513,0.2601043024771838,0.877444589308996,,,,,,GTFS unavailable - placeholder,39.7,42.0,42.0,Moderate,54.5,Moderate,1.1016207710886385,-96.06071642106019,41.31640825262988
31055007406,Census Tract 74.06,1596,2762,0.5778421433743663,500,545,551,0.3132832080200501,0.1875452570601014,1589.4196235569048,1099.0,72075.0,1801.875,-702.875,False,0.7371541501976284,0.0734834785467696,0.0578747628083491,67.0,0.0268,0.1481600514221436,0.8518399485778564,0.0044994375703037,0.0891852804113771,0.5758212877792378,0.9626806833114324,,,,,,GTFS unavailable - placeholder,29.0,34.6,34.6,Moderate,55.5,Moderate,1.0041401127465441,-96.13021618989423,41.24110982280779
31055007407,Census Tract 74.07,1782,1801,0.9894503053858967,325,471,986,0.18237934904601572,0.1793448084397557,1804.7933490885798,1234.0,64570.0,1614.25,-380.25,False,0.5123287671232877,0.064644173518571,0.0657127715951245,134.0,0.0829207920792079,0.1726679897930252,0.8273320102069748,0.094414516586334,0.0280691806067479,0.4341680129240711,0.9361873990306948,,,,,,GTFS unavailable - placeholder,32.3,36.7,36.7,Moderate,59.1,Moderate,0.9873706598597062,-96.1082757027084,41.240107648634094
31055007408,Census Tract 74.08,2061,2297,0.8972572921201567,786,671,604,0.3813682678311499,0.19198955158902917,2428.449367479629,1261.0,62969.0,1574.225,-313.2249999999999,False,0.5382262996941896,0.142216527866752,0.0069713400464756,117.0,0.0601851851851851,0.2778133674994661,0.7221866325005338,0.0535981208626948,0.1513986760623532,0.2605820105820106,0.9146825396825397,,,,,,GTFS unavailable - placeholder,33.7,38.6,38.6,Moderate,51.0,Moderate,0.8486897143501134,-96.11045135294184,41.229057270562386
31055003000,Census Tract 30,174,3375,0.051555555555555556,36,88,50,0.20689655172413793,0.18725925925925926,184.01019332218385,1626.0,71199.0,1779.975,-153.9749999999999,False,0.3882113821138211,0.088209823085488,0.0941593886462882,65.0,0.0277422108408023,0.728744939271255,0.2712550607287449,0.0399950926266715,0.6754999386578334,0.1041102077687443,0.7007678410117435,,,,,,GTFS unavailable - placeholder,30.2,36.0,36.0,Moderate,59.6,Moderate,0.9455997891124598,-95.97091335756122,41.199516836347065
31055003100,Census Tract 31,6906,1747,3.953062392673154,886,1408,4612,0.12829423689545322,0.22152261018889524,4562.001769969906,1216.0,60385.0,1509.625,-293.625,False,0.3741007194244604,0.1471904525111884,0.0521243977222952,165.0,0.1133241758241758,0.6675715695952615,0.3324284304047384,0.0310957551826258,0.6147581441263573,0.098896769109535,0.6713947990543735,,,,,,GTFS unavailable - placeholder,34.2,37.3,37.3,Moderate,64.1,Moderate,1.513809145244053,-95.96567138832107,41.215005902907066
31055003200,Census Tract 32,962,843,1.1411625148279954,177,316,469,0.183991683991684,0.2206405693950178,1759.5707604240788,775.0,43571.0,1089.275,-314.2750000000001,False,0.4025641025641026,0.1487603305785124,0.0761834319526627,307.0,0.307,0.8117550349362926,0.1882449650637073,0.0468557336621455,0.7172215371968763,0.1213662790697674,0.6613372093023255,,,,,,GTFS unavailable - placeholder,51.6,51.9,51.9,Moderate,47.0,Moderate,0.54672424754782,-95.95152958036024,41.21754734824022
31055003300,Census Tract 33,617,882,0.699546485260771,166,173,278,0.26904376012965964,0.20068027210884354,1146.7538753370957,936.0,50662.0,1266.55,-330.54999999999995,False,0.1299435028248587,0.2405172413793103,0.0738461538461538,75.0,0.1256281407035175,0.7911283376399656,0.2088716623600344,0.1037898363479758,0.6503014642549526,0.1082251082251082,0.6441558441558441,,,,,,GTFS unavailable - placeholder,42.4,46.1,46.1,Moderate,52.3,Moderate,0.5380404751792348,-95.949737489722,41.23908336598696
31055003402,Census Tract 34.02,206,1365,0.1509157509157509,65,81,60,0.3155339805825243,0.18095238095238095,512.8050797299696,1577.0,88417.0,2210.425,-633.4250000000002,False,0.4,0.0322467577988082,0.02030124426981,20.0,0.0199401794616151,0.4013864818024263,0.5986135181975737,0.0298093587521663,0.3483535528596187,0.2640901771336554,0.8368223295759528,,,,,,GTFS unavailable - placeholder,27.4,33.3,33.3,Lower,55.2,Moderate,0.40171208933514163,-95.96011867565923,41.23400894596595
31055003500,Census Tract 35,721,2303,0.3130699088145897,165,266,290,0.2288488210818308,0.17802865827181938,641.3831821605413,1201.0,60730.0,1518.25,-317.25,False,0.5464632454923717,0.1648122392211404,0.0084575110753121,130.0,0.0665301944728761,0.385025498377376,0.614974501622624,0.1094112192860454,0.2313398238293926,0.3221258134490238,0.85647143890094,,,,,,GTFS unavailable - placeholder,35.6,40.6,40.6,Moderate,56.9,Moderate,1.1241329988904047,-95.98988251639413,41.23447522128224
31055007442,Census Tract 74.42,1274,2599,0.49018853405155827,287,378,609,0.22527472527472528,0.18122354751827627,1268.5960385597693,,119875.0,2996.875,,,0.3191489361702128,0.0140733399405351,0.0439918533604887,48.0,0.0262438490978676,0.2251734390485629,0.7748265609514371,0.0610505450941526,0.0291377601585728,0.5548726953467954,0.987123207491952,,,,,,GTFS unavailable - placeholder,26.8,32.5,32.5,Lower,59.5,Moderate,1.0042597968746345,-96.14917310808637,41.26932505407697
31055007443,Census Tract 74.43,2350,1656,1.4190821256038648,641,697,1012,0.27276595744680854,0.19021739130434784,2362.8336239838154,1121.0,105819.0,2645.475,-1524.475,False,0.5476718403547672,0.0150445194964691,0.0194070080862533,96.0,0.0628683693516699,0.1467275494672755,0.8532724505327245,0.0350076103500761,0.0289193302891933,0.6376811594202898,0.9951690821256038,,,,,,GTFS unavailable - placeholder,28.4,33.2,33.2,Lower,56.6,Moderate,0.9945685452189489,-96.11098531642799,41.27062331643712
31055007317,Census Tract 73.17,1277,2617,0.48796331677493315,172,399,706,0.13469068128425998,0.1700420328620558,44.993304975883,1773.0,102781.0,2569.525,-796.5250000000001,False,0.3887147335423197,0.0354019158683881,0.0007457121551081,109.0,0.059400544959128,0.3269471053727614,0.6730528946272386,0.0753852561432736,0.1124531445231153,0.3670546105640107,0.9671739779170396,,,,,,GTFS unavailable - placeholder,30.0,35.1,35.1,Moderate,61.8,Moderate,28.382000403937624,-96.08745598381599,41.36723269902311
31055007314,Census Tract 73.14,209,2636,0.07928679817905918,52,74,83,0.24880382775119617,0.16919575113808802,206.7938874082532,2025.0,122381.0,3059.525,-1034.525,False,0.2105263157894736,0.020337751952061,0.0478100969575392,13.0,0.0074370709382151,0.2339928057553957,0.7660071942446043,0.0758992805755395,0.0712230215827338,0.5218375930119702,0.9890003235198964,,,,,,GTFS unavailable - placeholder,26.1,32.3,32.3,Lower,58.8,Moderate,1.0106681711891778,-96.1475719999781,41.32625420750534
31055007470,Census Tract 74.70,1056,3403,0.3103144284454893,354,402,300,0.3352272727272727,0.15574493094328534,1058.3771745823624,1404.0,91736.0,2293.4,-889.4000000000001,False,0.3770364623739333,0.0299695960619661,0.0121654501216545,17.0,0.0062408223201174,0.2454032141305921,0.7545967858694078,0.0305487186911828,0.0658751990734037,0.4423545032086745,0.976322195175924,,,,,,GTFS unavailable - placeholder,26.2,32.2,32.2,Lower,55.2,Moderate,0.9977539438307517,-96.146873188671,41.29988039621335
31055007516,Census Tract 75.16,439,2365,0.18562367864693446,68,110,261,0.1548974943052392,0.18308668076109938,224.96073963223859,2154.0,139290.0,3482.25,-1328.25,False,0.268041237113402,0.0411588871004828,0.0338582677165354,60.0,0.0399201596806387,0.2259681093394077,0.7740318906605923,0.0150341685649202,0.0501138952164009,0.5730627306273063,0.9538745387453874,,,,,,GTFS unavailable - placeholder,29.2,34.7,34.7,Moderate,61.5,Moderate,1.951451620925805,-96.21365570911644,41.21149550907768
31055007315,Census Tract 73.15,811,2950,0.27491525423728813,229,196,386,0.28236744759556104,0.14508474576271185,202.87578921083804,1420.0,108149.0,2703.725,-1283.725,False,0.2880658436213992,0.0102855116155346,0.0131868131868131,42.0,0.0173124484748557,0.2975704912218478,0.7024295087781521,0.0693385352012768,0.0723532541230714,0.4967664670658682,0.9439520958083832,,,,,,GTFS unavailable - placeholder,26.3,32.1,32.1,Lower,57.0,Moderate,3.997519877333272,-96.12043837271047,41.31966111815559
31055007318,Census Tract 73.18,1454,5081,0.2861641409171423,458,315,681,0.3149931224209078,0.1633536705372958,111.96574555206917,,146250.0,3656.25,,,0.1131221719457013,0.0546827532332262,0.0082020997375328,113.0,0.0286003543406732,0.1475056102192301,0.8524943897807699,0.0517003279820473,0.027187985499741,0.5855467170014831,0.9861129836861264,,,,,,GTFS unavailable - placeholder,28.8,34.4,34.4,Moderate,54.9,Moderate,12.986114573084532,-96.17667458123762,41.3585714000148
31055007316,Census Tract 73.16,212,2331,0.09094809094809095,47,87,78,0.22169811320754718,0.154011154011154,211.05059209255214,1592.0,142778.0,3569.4500000000003,-1977.4500000000003,False,0.0596026490066225,0.0058379956215032,0.0257109466303077,8.0,0.0052219321148825,0.2172857489681962,0.7827142510318038,0.1456664238892935,0.0269482884195193,0.6150552978951124,0.994291830181948,,,,,,GTFS unavailable - placeholder,25.4,31.6,31.6,Lower,60.2,Moderate,1.0044984849274032,-96.14553501818231,41.31413961818284
31055007509,Census Tract 75.09,1807,3674,0.4918345127925966,215,262,1330,0.11898173768677366,0.1799129014697877,150.27023575811435,2205.0,179444.0,4486.099999999999,-2281.0999999999995,False,0.8608695652173913,0.0126326963906581,0.0043355733795794,40.0,0.0136239782016348,0.0912951167728237,0.9087048832271762,0.0008492569002123,0.0305732484076433,0.7031500266951415,0.99074568428546,,,,,,GTFS unavailable - placeholder,25.8,31.7,31.7,Lower,65.1,Moderate,12.02500276174901,-96.26416952512636,41.224866424665244
31055003900,Census Tract 39,270,934,0.2890792291220557,58,131,81,0.21481481481481482,0.23875802997858672,1453.3892733187056,1176.0,54713.0,1367.8249999999998,-191.82499999999982,False,0.4061251664447403,0.2134733158355205,0.0454545454545454,106.0,0.1120507399577167,0.5963620614984841,0.4036379385015158,0.1035080121264616,0.429623213512343,0.3205705705705706,0.8003003003003003,,,,,,GTFS unavailable - placeholder,40.8,45.0,45.0,Moderate,55.0,Moderate,0.18577266597232772,-95.95346230771277,41.250639969270956
31055007508,Census Tract 75.08,1036,1432,0.723463687150838,198,203,635,0.19111969111969113,0.20391061452513967,36.85977514698346,1382.0,111889.0,2797.225,-1415.225,False,0.2342342342342342,0.0395625603087809,0.0766283524904214,27.0,0.020377358490566,0.0923126407204889,0.907687359279511,0.0147957542618205,0.02733998070119,0.40468364831553,0.9794576828266228,,,,,,GTFS unavailable - placeholder,27.1,32.8,32.8,Lower,61.7,Moderate,28.10651980021057,-96.31631742485942,41.24471985750973
31055006804,Census Tract 68.04,466,848,0.5495283018867925,125,159,182,0.26824034334763946,0.17570754716981132,444.10528792555675,,206705.0,5167.625,,,0.0,0.0096866096866096,0.0157563025210084,0.0,0.0,0.1367521367521367,0.8632478632478633,0.0091168091168091,0.0672364672364672,0.7741116751269036,0.9898477157360406,,,,,,GTFS unavailable - placeholder,24.7,30.8,30.8,Lower,59.0,Moderate,1.0493007236565788,-96.06969699088462,41.24067193007469
31055005902,Census Tract 59.02,255,1004,0.2539840637450199,62,103,90,0.24313725490196078,0.26593625498007967,418.0306043028089,1138.0,57545.0,1438.625,-300.625,False,0.5961538461538461,0.2160356347438752,0.0907194994786235,110.0,0.1447368421052631,0.8013363028953229,0.198663697104677,0.4374164810690423,0.2538975501113585,0.1874062968515742,0.7293853073463268,,,,,,GTFS unavailable - placeholder,43.3,46.9,46.9,Moderate,51.9,Moderate,0.6100031848751571,-95.96364632195134,41.294316271221724
31055007441,Census Tract 74.41,681,1334,0.5104947526236882,47,148,486,0.06901615271659324,0.15967016491754124,682.7072034087292,,152800.0,3820.0,,,0.0,0.0115894039735099,0.0126475548060708,10.0,0.0126262626262626,0.1514900662251656,0.8485099337748344,0.0037251655629139,0.0198675496688741,0.6851620947630923,0.9825436408977556,,,,,,GTFS unavailable - placeholder,25.7,31.6,31.6,Lower,67.4,Higher,0.9974993622445973,-96.1686399024348,41.267952768312995
31055007505,Census Tract 75.05,570,2506,0.22745411013567438,96,122,352,0.16842105263157894,0.19034317637669593,17.581786545698996,1513.0,152301.0,3807.525,-2294.525,False,0.1601941747572815,0.0527988698569662,0.0130315500685871,34.0,0.0183288409703504,0.1442698216493024,0.8557301783506975,0.0183648242980752,0.0406145152745894,0.5906779661016949,0.9915254237288136,,,,,,GTFS unavailable - placeholder,28.0,33.9,33.9,Moderate,62.1,Moderate,32.419913557615004,-96.26894147686059,41.35375873611588
31055007451,Census Tract 74.51,4615,2709,1.703580657069029,986,1120,2509,0.21365113759479956,0.18124769287559986,2101.793459833074,1448.0,89083.0,2227.075,-779.0749999999998,False,0.5566778900112234,0.0447820082856579,0.0,28.0,0.0117696511139134,0.2089169461432235,0.7910830538567765,0.040836456894851,0.125863089366739,0.470282114489181,0.961380443714051,,,,,,GTFS unavailable - placeholder,25.5,31.1,31.1,Lower,62.5,Moderate,2.1957438198359065,-96.17877225776105,41.22540392268979
31055007468,Census Tract 74.68,616,1282,0.48049921996879874,145,190,281,0.2353896103896104,0.19578783151326054,1040.3580212800562,1072.0,90625.0,2265.625,-1193.625,False,0.6294416243654822,0.0271653543307086,0.0223390275952693,10.0,0.0096525096525096,0.240015661707126,0.7599843382928739,0.0144870790916209,0.2165231010180109,0.220898754737412,0.92203573362209,,,,,,GTFS unavailable - placeholder,26.1,32.1,32.1,Lower,59.9,Moderate,0.5921038598251723,-96.0345160897415,41.19377208975564
31055007452,Census Tract 74.52,1177,2657,0.44298080541964624,587,324,266,0.49872557349192864,0.18893488897252542,892.1409341450446,1073.0,157250.0,3931.25,-2858.25,False,0.2043010752688172,0.0190979276716781,0.0297435897435897,62.0,0.0351872871736662,0.2416025900445163,0.7583974099554837,0.0204370700121408,0.0507891541885876,0.645366444579043,0.9857662023016354,,,,,,GTFS unavailable - placeholder,27.7,33.2,33.2,Lower,46.3,Moderate,1.3192982800726896,-96.18934707667873,41.22374692333149
31055007101,Census Tract 71.01,1719,1567,1.0970006381620931,366,585,768,0.21291448516579406,0.19272495213784302,1408.8121641965784,1280.0,66313.0,1657.8249999999998,-377.8249999999998,False,0.2456140350877192,0.1621951219512195,0.0438782731776362,62.0,0.0508196721311475,0.5063779293978048,0.4936220706021952,0.0068229012162563,0.4773064372589736,0.1004444444444444,0.7177777777777777,,,,,,GTFS unavailable - placeholder,33.5,38.5,38.5,Moderate,59.6,Moderate,1.2201768579846957,-95.99789156154633,41.208723630768674
31055006503,Census Tract 65.03,687,1328,0.5173192771084337,228,298,161,0.3318777292576419,0.18147590361445784,487.05156029255113,1313.0,93148.0,2328.7,-1015.6999999999998,False,0.1707317073170731,0.1403887688984881,0.0537084398976982,34.0,0.0307414104882459,0.2249820014398847,0.7750179985601152,0.0673146148308135,0.074154067674586,0.3394402035623409,0.9826972010178116,,,,,,GTFS unavailable - placeholder,31.9,37.4,37.4,Moderate,54.3,Moderate,1.4105282807991588,-96.04031793784753,41.30346268912979
31055006504,Census Tract 65.04,1777,1757,1.0113830392714855,471,628,678,0.265053460889139,0.19237336368810473,1256.537682814523,1142.0,70173.0,1754.3249999999998,-612.3249999999998,False,0.4850136239782016,0.2674952715482302,0.0069645966337782,157.0,0.1088011088011088,0.2684491978609625,0.7315508021390374,0.0542780748663101,0.1481283422459893,0.3487894952810833,0.9606073040623716,,,,,,GTFS unavailable - placeholder,41.8,45.8,45.8,Moderate,53.9,Moderate,1.4142035088193232,-96.03841287695151,41.29444565128773
31055006505,Census Tract 65.05,1972,745,2.646979865771812,412,503,1057,0.20892494929006086,0.1959731543624161,1603.8604093884146,1107.0,67317.0,1682.925,-575.925,False,0.7172619047619048,0.089699074074074,0.0874384236453202,180.0,0.2272727272727272,0.4426229508196722,0.5573770491803278,0.2005464480874317,0.1349726775956284,0.3359430604982206,0.896797153024911,,,,,,GTFS unavailable - placeholder,41.8,43.2,43.2,Moderate,52.4,Moderate,1.2295334359877146,-96.01266983696159,41.32496317392053
31055006506,Census Tract 65.06,725,1629,0.44505831798649476,137,267,321,0.1889655172413793,0.23511356660527932,886.0689418388537,883.0,32419.0,810.4749999999999,72.52500000000009,True,0.5724962630792227,0.3382441371016236,0.0826627651792245,244.0,0.1706293706293706,0.6576655052264808,0.3423344947735192,0.3841463414634146,0.0693960511033681,0.1931863727454909,0.8064128256513026,,,,,,GTFS unavailable - placeholder,53.4,56.5,56.5,Moderate,49.4,Moderate,0.8182207566099899,-96.01380764208301,41.310881663185015
31055006603,Census Tract 66.03,712,1293,0.5506573859242073,157,273,282,0.2205056179775281,0.23047177107501934,1177.1813560062437,938.0,35804.0,895.0999999999999,42.90000000000009,True,0.5319351763584366,0.2421751501738855,0.0433854907539118,201.0,0.1417489421720733,0.5074249605055292,0.4925750394944708,0.2966824644549763,0.1317535545023696,0.1805845511482254,0.9618997912317327,,,,,,GTFS unavailable - placeholder,46.0,49.5,49.5,Moderate,51.2,Moderate,0.6048345876081167,-96.039270157916,41.281156593990545
31055007444,Census Tract 74.44,4818,2703,1.7824639289678135,692,1079,3047,0.14362806143628062,0.18312985571587126,4932.888944168289,1212.0,50271.0,1256.775,-44.77500000000009,False,0.5038532110091744,0.1224137931034482,0.0226426799007444,319.0,0.1111111111111111,0.3137931034482758,0.6862068965517242,0.1114224137931034,0.0191810344827586,0.4989140552280484,0.9686627365808254,,,,,,GTFS unavailable - placeholder,35.6,39.3,39.3,Moderate,60.5,Moderate,0.9767096025333976,-96.08776024999108,41.26937410481723
31055007445,Census Tract 74.45,6224,1257,4.9514717581543355,1262,1408,3554,0.20276349614395886,0.23309466984884647,6124.27383999203,1152.0,55953.0,1398.8249999999998,-246.82499999999982,False,0.6765676567656765,0.0603674540682414,0.0461653015636634,191.0,0.1574608408903545,0.4038245219347581,0.5961754780652418,0.1754780652418447,0.1469816272965879,0.4020559680182752,0.945174186179326,,,,,,GTFS unavailable - placeholder,33.0,35.0,35.0,Moderate,59.7,Moderate,1.0162837525906745,-96.07513130952319,41.269364412693186
31055007446,Census Tract 74.46,189,2225,0.08494382022471911,59,49,81,0.31216931216931215,0.17393258426966293,191.5508957299037,1531.0,165000.0,4125.0,-2594.0,False,0.508130081300813,0.0032795156407669,0.0092674315975286,35.0,0.0244072524407252,0.1339556004036327,0.8660443995963673,0.0027749747729566,0.0522199798183652,0.6951080773606371,0.9886234357224118,,,,,,GTFS unavailable - placeholder,26.7,32.5,32.5,Lower,55.0,Moderate,0.9866829349965527,-96.16912017048845,41.25634859085802
31055007447,Census Tract 74.47,136,1557,0.08734746307000642,19,61,56,0.13970588235294118,0.1689145793192036,270.27938736039926,1376.0,101016.0,2525.4,-1149.4,False,0.2543640897755611,0.0590941259731068,0.0269230769230769,0.0,0.0,0.254069355980184,0.745930644019816,0.0215852795470629,0.1762208067940552,0.5195979899497487,0.9889447236180904,,,,,,GTFS unavailable - placeholder,27.1,33.3,33.3,Lower,64.3,Moderate,0.5031830260095018,-96.15395934377578,41.25628754687942
31055007448,Census Tract 74.48,2434,1431,1.7009084556254368,457,605,1372,0.18775677896466722,0.20405310971348709,2467.467840531648,891.0,107257.0,2681.425,-1790.4250000000002,False,0.4842105263157895,0.0601503759398496,0.0,103.0,0.0802805923616523,0.0893512851897184,0.9106487148102816,0.0125458996328029,0.0624235006119951,0.5200873362445415,0.9890829694323144,,,,,,GTFS unavailable - placeholder,31.1,35.4,35.4,Moderate,60.0,Moderate,0.9864363620137651,-96.10853842853247,41.255272614242344
31055007449,Census Tract 74.49,5147,1418,3.6297602256699575,1417,1364,2366,0.2753060034971828,0.18124118476727785,5176.7288058637005,1820.0,110263.0,2756.5750000000003,-936.5750000000003,False,0.6287262872628726,0.0420242675347736,0.0410447761194029,26.0,0.0173333333333333,0.1468695143358689,0.8531304856641311,0.0,0.0497366881217086,0.6375545851528385,0.999603017070266,,,,,,GTFS unavailable - placeholder,23.6,28.6,28.6,Lower,62.1,Moderate,0.9942572216976044,-96.18526857811203,41.2427159843891
31055007450,Census Tract 74.50,462,1830,0.25245901639344265,91,95,276,0.19696969696969696,0.18688524590163935,598.5738557937641,2096.0,100083.0,2502.075,-406.0749999999998,False,0.8775510204081632,0.0401826484018264,0.0039772727272727,11.0,0.008654602675059,0.145814307458143,0.854185692541857,0.0398782343987823,0.0614916286149162,0.4085778781038374,0.9688487584650112,,,,,,GTFS unavailable - placeholder,26.8,32.8,32.8,Lower,61.4,Moderate,0.7718345790217406,-96.16745732604832,41.24146273911253
31055007453,Census Tract 74.53,172,1808,0.09513274336283185,42,69,61,0.2441860465116279,0.19413716814159293,156.82749796122587,2146.0,138333.0,3458.3250000000003,-1312.3250000000003,False,0.0326086956521739,0.0114685314685314,0.0327144120247568,23.0,0.0173716012084592,0.1152447552447551,0.8847552447552448,0.0204195804195804,0.0212587412587412,0.5721518987341773,0.9953586497890295,,,,,,GTFS unavailable - placeholder,26.5,32.4,32.4,Lower,58.5,Moderate,1.0967464394702349,-96.16404128000353,41.21555470668043
31055007455,Census Tract 74.55,1140,1113,1.0242587601078168,343,322,475,0.30087719298245613,0.20215633423180593,2264.3897852673595,1221.0,58592.0,1464.8,-243.79999999999995,False,0.4701627486437613,0.1073411474398519,0.0288288288288288,9.0,0.010204081632653,0.177051202961135,0.8229487970388649,0.0203578038247995,0.1135101789019124,0.2990033222591362,0.9235880398671096,,,,,,GTFS unavailable - placeholder,28.6,34.4,34.4,Moderate,57.6,Moderate,0.5034468921459998,-96.12814474036921,41.208598692281086
31055006805,Census Tract 68.05,2809,1588,1.7688916876574308,549,696,1564,0.1954432182271271,0.18198992443324938,2116.0228767676995,1883.0,124476.0,3111.9,-1228.9,False,0.5645161290322581,0.0419143876337693,0.0160197165742452,27.0,0.0197512801755669,0.1052318668252081,0.8947681331747919,0.0053507728894173,0.0564803804994054,0.7231441048034934,0.991703056768559,,,,,,GTFS unavailable - placeholder,25.9,31.3,31.3,Lower,63.0,Moderate,1.3274903739655441,-96.06137910664211,41.242330605168995
31055000200,Census Tract 2,1131,1602,0.7059925093632958,183,263,685,0.16180371352785147,0.2103620474406991,988.9849412727252,1171.0,48136.0,1203.4,-32.40000000000009,False,0.6386554621848739,0.17125,0.0427046263345195,131.0,0.0926449787835926,0.2853643600734844,0.7146356399265156,0.1037966932026944,0.1065523576240049,0.277336860670194,0.855379188712522,,,,,,GTFS unavailable - placeholder,37.3,41.7,41.7,Moderate,59.1,Moderate,1.1435967857554186,-95.9515014895084,41.329683936849854
31055007431,Census Tract 74.31,1245,2455,0.5071283095723014,481,370,394,0.3863453815261044,0.18533604887983707,1246.5428449610865,1542.0,95352.0,2383.8,-841.8000000000002,False,0.5801393728222997,0.0664955669622025,0.0172607879924953,50.0,0.0290023201856148,0.2193187120858609,0.780681287914139,0.0744283714419038,0.0676621558562762,0.5581158929176551,0.9830565909861064,,,,,,GTFS unavailable - placeholder,29.0,34.6,34.6,Moderate,51.9,Moderate,0.9987623008969782,-96.12836095308175,41.3005612187501
31055007311,Census Tract 73.11,858,1654,0.5187424425634825,227,259,372,0.26456876456876455,0.24062877871825877,1424.2695740385425,1002.0,54935.0,1373.375,-371.375,False,0.1878260869565217,0.1933072267710929,0.0091324200913242,178.0,0.157941437444543,0.5066573230553608,0.4933426769446391,0.2526278906797477,0.0749824807288016,0.4655581947743468,0.9750593824228028,,,,,,GTFS unavailable - placeholder,43.1,46.4,46.4,Moderate,50.5,Moderate,0.6024140483231172,-96.07569996474149,41.31625688233054
31055002100,Census Tract 21,460,979,0.4698672114402451,108,117,235,0.23478260869565218,0.2522982635342186,1634.2581244856417,1080.0,44531.0,1113.275,-33.27500000000009,False,0.5,0.2503118503118503,0.1064891846921797,201.0,0.203030303030303,0.5587529976019185,0.4412470023980815,0.0471622701838529,0.4052757793764988,0.2243713733075435,0.7607994842037396,,,,,,GTFS unavailable - placeholder,48.6,51.1,51.1,Moderate,49.4,Moderate,0.28147328326409765,-95.93445889994402,41.24412157496214
31055004400,Census Tract 44,11535,776,14.864690721649485,1091,1716,8728,0.09458170784568704,0.15206185567010308,22902.368368472766,1156.0,56083.0,1402.0749999999998,-246.07499999999982,False,0.4921259842519685,0.1224177505738332,0.0052465897166841,84.0,0.1083870967741935,0.2399086062452399,0.7600913937547601,0.035034272658035,0.1355674028941355,0.5316315205327414,0.9167591564927858,,,,,,GTFS unavailable - placeholder,20.5,20.5,20.5,Lower,81.5,Higher,0.5036597007966651,-95.98349576117683,41.25340094032725
31055007438,Census Tract 74.38,521,999,0.5215215215215215,135,153,233,0.2591170825335892,0.2132132132132132,521.6824132396368,,107115.0,2677.875,,,0.4059405940594059,0.03593839132915,0.0273348519362186,40.0,0.0531914893617021,0.0621500559910414,0.9378499440089586,0.0145576707726763,0.0347144456886898,0.5011618900077459,0.9450038729666924,,,,,,GTFS unavailable - placeholder,29.6,34.7,34.7,Moderate,56.5,Moderate,0.998691899089718,-96.12956660345007,41.28563082756272
31055006703,Census Tract 67.03,6389,1525,4.189508196721311,693,1091,4605,0.10846767882297699,0.18688524590163935,5574.236610704458,1216.0,88125.0,2203.125,-987.125,False,0.4469589816124469,0.1361788617886178,0.0339506172839506,68.0,0.0470262793914246,0.1733835894462163,0.8266164105537837,0.0924905769788344,0.0504494056248187,0.4304367402071139,0.9761368752814048,,,,,,GTFS unavailable - placeholder,28.7,32.9,32.9,Lower,69.0,Higher,1.1461659140429947,-96.08901235648494,41.25575047522496
31055000500,Census Tract 5,8632,1123,7.686553873552983,1453,2051,5128,0.16832715477293791,0.2288512911843277,1108.4734290283452,1427.0,72708.0,1817.7,-390.70000000000005,False,0.396694214876033,0.3182957393483709,0.0809327846364883,67.0,0.0558798999165971,0.4021239954075775,0.5978760045924225,0.1294489092996555,0.1974741676234213,0.4289424860853432,0.9302411873840444,,,,,,GTFS unavailable - placeholder,32.3,35.3,35.3,Moderate,70.7,Higher,7.787286347104011,-95.91052543739393,41.290028121786584
31055003401,Census Tract 34.01,583,1785,0.3266106442577031,120,222,241,0.2058319039451115,0.18487394957983194,1030.1736915203624,1147.0,58125.0,1453.125,-306.125,False,0.46875,0.3531125827814569,0.096087171867261,111.0,0.0717054263565891,0.4355731225296443,0.5644268774703557,0.020026350461133,0.3665349143610013,0.2259983007646559,0.824553950722175,,,,,,GTFS unavailable - placeholder,43.1,48.0,48.0,Moderate,57.7,Moderate,0.5659239842745261,-95.9716124589615,41.23219765573103
31055005200,Census Tract 52,138,672,0.20535714285714285,69,40,29,0.5,0.23660714285714285,469.96864385592886,1031.0,50500.0,1262.5,-231.5,False,0.4121405750798722,0.3826589595375722,0.1556962025316455,43.0,0.083011583011583,0.8630057803468208,0.1369942196531791,0.4052023121387283,0.2861271676300578,0.0848303393213572,0.6327345309381237,,,,,,GTFS unavailable - placeholder,45.2,49.9,49.9,Moderate,43.3,Moderate,0.2936366113018905,-95.96193503927961,41.277540313713395
31055006303,Census Tract 63.03,254,1459,0.17409184372858122,75,100,79,0.2952755905511811,0.20767649074708705,677.4489873326775,1124.0,70545.0,1763.625,-639.625,False,0.2712177121771217,0.1269421487603305,0.1254335260115607,111.0,0.1031598513011152,0.7180165289256198,0.2819834710743801,0.2165289256198347,0.072396694214876,0.1549851924975321,0.642152023692004,,,,,,GTFS unavailable - placeholder,37.0,41.4,41.4,Moderate,51.6,Moderate,0.37493598005080087,-96.00307467693135,41.29629844616278
31055004700,Census Tract 47,3328,1109,3.000901713255185,803,511,2014,0.24128605769230768,0.17132551848512173,3546.578754434232,,194327.0,4858.175,,,0.2,0.0352112676056338,0.0311937612477504,9.0,0.0109090909090909,0.1630218687872763,0.8369781312127237,0.0294897282968853,0.0450629555997349,0.8333333333333334,0.9866131191432396,,,,,,GTFS unavailable - placeholder,23.6,28.8,28.8,Lower,63.1,Moderate,0.9383691242832416,-96.00857251215407,41.26272622562095
31055004800,Census Tract 48,968,2134,0.4536082474226804,258,276,434,0.2665289256198347,0.18275538894095594,2108.1324994035663,893.0,60052.0,1501.3,-608.3,False,0.2639097744360902,0.1378109452736318,0.0296153846153846,150.0,0.0684618895481515,0.2509950248756218,0.7490049751243781,0.1395522388059701,0.0519900497512437,0.6536767197560149,0.984412063707218,,,,,,GTFS unavailable - placeholder,34.6,39.5,39.5,Moderate,55.2,Moderate,0.4591741744287264,-95.98970879710558,41.26610346377397
31055004900,Census Tract 49,1486,2073,0.7168355041003377,403,505,578,0.2711978465679677,0.2199710564399421,2233.389343119131,1063.0,44278.0,1106.95,-43.950000000000045,False,0.489650249821556,0.3478805596157862,0.0299727520435967,407.0,0.193717277486911,0.4716312056737588,0.5283687943262412,0.1802252816020025,0.210680016687526,0.4289571380357745,0.8801889976375296,,,,,,GTFS unavailable - placeholder,51.4,53.9,53.9,Moderate,48.6,Moderate,0.6653564478483032,-95.97668981103325,41.267551716488576
31055005000,Census Tract 50,613,1714,0.35764294049008166,144,239,230,0.23491027732463296,0.2281213535589265,1536.5027402094274,1092.0,52926.0,1323.15,-231.1500000000001,False,0.4580043072505384,0.2204918032786885,0.0858099623273336,141.0,0.0786391522587841,0.3967009194159004,0.6032990805840995,0.164683612763656,0.1441319632233639,0.5184342284934,0.9244424214838416,,,,,,GTFS unavailable - placeholder,38.6,43.3,43.3,Moderate,56.0,Moderate,0.3989579608015846,-95.96749675756776,41.26439746967416
31055005100,Census Tract 51,7566,1059,7.144475920679887,696,1927,4943,0.09199048374306107,0.24079320113314448,23776.293993864798,1060.0,51225.0,1280.625,-220.625,False,0.47265625,0.271356783919598,0.0837336993822923,128.0,0.1283851554663992,0.5391268533772653,0.4608731466227347,0.1445634266886326,0.2215815485996705,0.4061107574793125,0.9656269891788668,,,,,,GTFS unavailable - placeholder,36.4,38.3,38.3,Moderate,69.5,Higher,0.3182161190449748,-95.96053909254049,41.26639824072757
31055005300,Census Tract 53,223,975,0.2287179487179487,40,64,119,0.17937219730941703,0.28,311.3927591489842,1100.0,32500.0,812.5,287.5,True,0.7964338781575037,0.457274011299435,0.1127232142857142,155.0,0.1624737945492662,0.8340395480225988,0.1659604519774011,0.5448446327683616,0.1415960451977401,0.14765625,0.7703125,,,,,,GTFS unavailable - placeholder,68.8,72.1,72.1,Higher,38.8,Moderate,0.7161373970590845,-95.96793971699512,41.28070273586967
31055005400,Census Tract 54,256,1459,0.17546264564770392,64,96,96,0.25,0.24537354352296092,572.1714208982805,1000.0,42954.0,1073.85,-73.84999999999991,False,0.7622699386503068,0.1688609044075558,0.1397093295827473,113.0,0.0897537728355837,0.6482541499713795,0.3517458500286204,0.2999427590154551,0.227819118488838,0.1823869104908566,0.8421559191530318,,,,,,GTFS unavailable - placeholder,37.6,42.2,42.2,Moderate,54.4,Moderate,0.4474183621371595,-95.97920116136171,41.2797900860059
31055005500,Census Tract 55,295,2768,0.10657514450867052,103,110,82,0.34915254237288135,0.16329479768786126,364.5569986345055,1190.0,122813.0,3070.3250000000003,-1880.3250000000003,False,0.4590163934426229,0.1630901287553648,0.0145442792501616,50.0,0.0243783520234032,0.1985130111524163,0.8014869888475836,0.1353159851301115,0.0187732342007434,0.5935155412647374,0.939710610932476,,,,,,GTFS unavailable - placeholder,32.8,38.5,38.5,Moderate,53.3,Moderate,0.8092013076280525,-95.99193113637767,41.27800726362405
31055005600,Census Tract 56,1566,1978,0.7917087967644085,480,630,456,0.3065134099616858,0.19868554095045501,1363.2647838809924,1125.0,69004.0,1725.1,-600.0999999999999,False,0.301498127340824,0.0889121338912133,0.0293185419968304,68.0,0.0385050962627406,0.2194199243379571,0.7805800756620429,0.121311475409836,0.0287515762925599,0.3498711340206185,0.916881443298969,,,,,,GTFS unavailable - placeholder,30.2,35.5,35.5,Moderate,55.5,Moderate,1.1487130149007836,-96.01553407301128,41.29006200728009
31055002200,Census Tract 22,204,684,0.2982456140350877,59,64,81,0.28921568627450983,0.19298245614035087,650.1850573735337,1159.0,75156.0,1878.9,-719.9000000000001,False,0.2839506172839506,0.1809324982602644,0.0040322580645161,17.0,0.0234482758620689,0.2899328859060402,0.7100671140939597,0.0255033557046979,0.2221476510067114,0.4332313965341488,0.9765545361875636,,,,,,GTFS unavailable - placeholder,33.1,38.9,38.9,Moderate,56.4,Moderate,0.31375682613204264,-95.92054286516058,41.24587155058808
31055002300,Census Tract 23,387,883,0.43827859569648925,90,159,138,0.23255813953488372,0.19365798414496035,527.0122075826791,955.0,52125.0,1303.125,-348.125,False,0.2928571428571428,0.1828097731239092,0.0952830188679245,132.0,0.1359423274974253,0.4168377823408624,0.5831622176591376,0.0094455852156057,0.3815195071868583,0.3300058719906048,0.729301233118027,,,,,,GTFS unavailable - placeholder,41.2,44.9,44.9,Moderate,53.1,Moderate,0.7343283408464241,-95.92015928882978,41.23761355556811
31055002400,Census Tract 24,419,1455,0.28797250859106527,164,169,86,0.3914081145584726,0.20481099656357388,811.5784661435656,1569.0,47171.0,1179.275,389.7249999999999,True,0.4537444933920704,0.2290748898678414,0.0150537634408602,120.0,0.093603744149766,0.6449872195399035,0.3550127804600965,0.0107923885259869,0.558648111332008,0.1119570085087326,0.7299596954769368,,,,,,GTFS unavailable - placeholder,60.4,64.9,64.9,Moderate,27.5,Lower,0.5162778677347019,-95.93601502908683,41.231130951448385
31055002500,Census Tract 25,832,1105,0.7529411764705882,243,272,317,0.2920673076923077,0.21990950226244343,574.0684036039854,1038.0,67907.0,1697.675,-659.675,False,0.6083333333333333,0.1682516459400146,0.053127677806341,63.0,0.0730858468677494,0.6497813411078717,0.3502186588921283,0.0043731778425655,0.6260932944606414,0.0961887477313974,0.6291591046581972,,,,,,GTFS unavailable - placeholder,35.7,40.5,40.5,Moderate,54.2,Moderate,1.449304638222078,-95.93046994791148,41.22135631773252
31055002600,Census Tract 26,200,938,0.21321961620469082,70,92,38,0.35,0.18550106609808104,623.7777360197325,1266.0,67917.0,1697.925,-431.92499999999995,False,0.3668639053254438,0.1900089206066012,0.0080789946140035,21.0,0.0337620578778135,0.7576293675364882,0.2423706324635117,0.0274214949137549,0.7218045112781954,0.1296809986130374,0.5908460471567267,,,,,,GTFS unavailable - placeholder,34.3,39.9,39.9,Moderate,52.9,Moderate,0.32062702538276106,-95.93943273418105,41.216409531664176
31055002700,Census Tract 27,410,960,0.4270833333333333,118,170,122,0.28780487804878047,0.21354166666666666,617.9965815799284,1136.0,58092.0,1452.3,-316.29999999999995,False,0.4659685863874345,0.1534653465346534,0.0350162866449511,77.0,0.1001300390117035,0.8492003046458492,0.1507996953541508,0.0449352627570449,0.7715156130997716,0.1107011070110701,0.570479704797048,,,,,,GTFS unavailable - placeholder,37.5,41.8,41.8,Moderate,52.5,Moderate,0.663434090447267,-95.93482369168484,41.20890271667166
31055002800,Census Tract 28,112,1379,0.08121827411167512,23,45,44,0.20535714285714285,0.17693981145757795,156.35454263828774,999.0,61042.0,1526.05,-527.05,False,0.6210045662100456,0.2684008276677505,0.0796884361893349,121.0,0.1067961165048543,0.7561547479484174,0.2438452520515826,0.0278429073856975,0.708968347010551,0.0778138026864289,0.5034738304770727,,,,,,GTFS unavailable - placeholder,42.8,47.1,47.1,Moderate,55.4,Moderate,0.7163207292230837,-95.93620523526272,41.198651401998575
31055002900,Census Tract 29,2718,1917,1.4178403755868545,591,727,1400,0.217439293598234,0.22952529994783516,2661.0212323148708,1025.0,44611.0,1115.275,-90.27500000000009,False,0.4204909284951974,0.5,0.0948438088069251,195.0,0.1135701805474665,0.910541503989136,0.089458496010864,0.2121880835172296,0.619249702936683,0.0286493860845839,0.5600272851296043,,,,,,GTFS unavailable - placeholder,50.5,54.3,54.3,Moderate,56.4,Moderate,1.0214123686775556,-95.95281712838114,41.198435020280094
31055007003,Census Tract 70.03,6197,1246,4.973515248796148,835,1760,3602,0.13474261739551396,0.21829855537720708,3276.785338386722,1424.0,74457.0,1861.425,-437.42499999999995,False,0.4820717131474104,0.0781802120141342,0.0194756554307116,28.0,0.0295358649789029,0.3568904593639576,0.6431095406360424,0.0057420494699646,0.3418727915194346,0.175251256281407,0.8417085427135679,,,,,,GTFS unavailable - placeholder,24.4,28.7,28.7,Lower,69.9,Higher,1.8911827782563884,-95.99941109936188,41.218764496699166
31055006301,Census Tract 63.01,325,1202,0.2703826955074875,90,117,118,0.27692307692307694,0.2129783693843594,268.13789910858236,820.0,53816.0,1345.4,-525.4000000000001,False,0.5642946317103621,0.2107860415932322,0.0836261419536191,346.0,0.2344173441734417,0.6915756080366584,0.3084243919633415,0.5072259428974268,0.0352485019386676,0.2353540499235863,0.8094752929190016,,,,,,GTFS unavailable - placeholder,49.6,51.6,51.6,Moderate,45.4,Moderate,1.212062901516176,-95.99581247445641,41.32190349634441
31055007303,Census Tract 73.03,446,1506,0.2961487383798141,83,111,252,0.1860986547085202,0.16069057104913678,30.73870968501863,1768.0,111136.0,2778.4,-1010.4000000000001,False,0.5324675324675324,0.0677461996034368,0.0204369274136716,12.0,0.0097244732576985,0.1665040650406504,0.8334959349593496,0.0152845528455284,0.0295934959349593,0.5198763250883393,0.9748233215547704,,,,,,GTFS unavailable - placeholder,27.9,33.9,33.9,Moderate,61.9,Moderate,14.509392377565236,-95.97904463673602,41.36830896485867
31055007304,Census Tract 73.04,1052,781,1.3469910371318823,148,374,530,0.14068441064638784,0.19078104993597952,350.58079691395477,,90156.0,2253.9,,,0.7857142857142857,0.0882768361581921,0.0109439124487004,7.0,0.0106544901065449,0.2406639004149378,0.7593360995850622,0.0726141078838174,0.1265560165975103,0.3416738567730802,0.9689387402933564,,,,,,GTFS unavailable - placeholder,27.5,33.2,33.2,Lower,65.4,Moderate,3.0007348070984015,-95.98955926387212,41.33587895369118
31055007309,Census Tract 73.09,106,2351,0.045087196937473414,18,46,42,0.16981132075471697,0.16376010208421948,71.01283916519125,2152.0,97849.0,2446.225,-294.2249999999999,False,0.5343511450381679,0.1320973348783314,0.01591723040191,0.0,0.0,0.3999537358315984,0.6000462641684016,0.1984732824427481,0.1108026833217672,0.3560899922420481,0.9530643910007758,,,,,,GTFS unavailable - placeholder,29.9,36.1,36.1,Moderate,62.8,Moderate,1.492687818795993,-96.08683114739588,41.32357151577148
31055007310,Census Tract 73.10,420,1578,0.2661596958174905,245,98,77,0.5833333333333334,0.18377693282636248,543.153039792012,1329.0,88682.0,2217.05,-888.0500000000002,False,0.6201550387596899,0.0718027734976887,0.0726457399103139,7.0,0.0059625212947189,0.2884437596302003,0.7115562403697997,0.199075500770416,0.0320493066255778,0.287037037037037,0.9537037037037036,,,,,,GTFS unavailable - placeholder,27.8,33.9,33.9,Moderate,43.7,Moderate,0.7732627256598423,-96.09037876058008,41.31275321125431
31055005700,Census Tract 57,626,2226,0.2812219227313567,175,255,196,0.2795527156549521,0.19811320754716982,907.9383890740911,1172.0,58117.0,1452.925,-280.92499999999995,False,0.3906735751295336,0.1234212275648127,0.0685453160700685,247.0,0.1129917657822506,0.4653224019499224,0.5346775980500775,0.2539330822069577,0.0531797030799911,0.2852123922069626,0.9284573618652188,,,,,,GTFS unavailable - placeholder,37.5,41.6,41.6,Moderate,51.9,Moderate,0.6894740959663466,-96.00501036448632,41.289219990688224
31055005800,Census Tract 58,260,2042,0.12732615083251714,44,105,111,0.16923076923076924,0.2179236043095005,363.7067039778343,859.0,66869.0,1671.725,-812.7249999999999,False,0.4726477024070022,0.1912728917024644,0.0314597315436241,206.0,0.1125683060109289,0.5572706935123042,0.4427293064876957,0.1485458612975391,0.1082774049217002,0.414741847826087,0.8148777173913043,,,,,,GTFS unavailable - placeholder,40.2,44.4,44.4,Moderate,56.8,Moderate,0.7148617200518949,-95.98872607501627,41.288324149980255
31055005901,Census Tract 59.01,55,1040,0.052884615384615384,8,18,29,0.14545454545454545,0.24807692307692308,105.80803938766357,1134.0,45266.0,1131.65,2.349999999999909,True,0.6409395973154363,0.3445664521014767,0.090311986863711,99.0,0.1083150984682713,0.829277022190408,0.1707229778095919,0.4316392269148175,0.3636363636363636,0.1263700838168923,0.7285622179239201,,,,,,GTFS unavailable - placeholder,45.9,50.2,50.2,Moderate,57.9,Moderate,0.5198092727008095,-95.98023515000008,41.29486879997898
31055006000,Census Tract 60,202,1631,0.12385039852851011,69,91,42,0.3415841584158416,0.2654812998160638,308.62965494469324,1196.0,45797.0,1144.925,51.075000000000045,True,0.6264929424538545,0.2959320518551632,0.0763392857142857,137.0,0.0952050034746351,0.8527114483374247,0.1472885516625753,0.4579334969872796,0.240571301048873,0.0791114575214341,0.7365549493374902,,,,,,GTFS unavailable - placeholder,45.6,50.1,50.1,Moderate,47.2,Moderate,0.6545061265619424,-95.97224655554703,41.30295841666989
31055006101,Census Tract 61.01,130,1132,0.11484098939929328,42,46,42,0.3230769230769231,0.23409893992932862,212.51649139109404,1095.0,39573.0,989.325,105.67499999999995,True,0.647787610619469,0.4523289665211062,0.1396321070234113,213.0,0.2214137214137214,0.848981077147016,0.151018922852984,0.5713245997088792,0.0917030567685589,0.1107470511140236,0.7608125819134993,,,,,,GTFS unavailable - placeholder,63.5,65.7,65.7,Moderate,38.3,Moderate,0.6117172326206018,-95.98053775923154,41.3159337222342
31055006102,Census Tract 61.02,1213,1792,0.6768973214285714,394,269,550,0.32481450948062657,0.25390625,1250.3330452599214,1152.0,41178.0,1029.45,122.54999999999995,True,0.7001545595054096,0.316084229390681,0.1,134.0,0.0839073262366938,0.7163814180929096,0.2836185819070904,0.5754612136030229,0.1153589686597021,0.1111593573599652,0.90447242726878,,,,,,GTFS unavailable - placeholder,48.6,53.2,53.2,Moderate,45.6,Moderate,0.9701415191724693,-95.96818327379171,41.316597607134476
31055006202,Census Tract 62.02,683,2154,0.31708449396471683,261,282,140,0.3821376281112738,0.2051996285979573,579.9255114920451,1041.0,54630.0,1365.75,-324.75,False,0.5323033707865169,0.3255331194565012,0.1046269278866194,154.0,0.084061135371179,0.6102075154234436,0.3897924845765563,0.3725930080388858,0.0848756776967657,0.1891628812459442,0.900064892926671,,,,,,GTFS unavailable - placeholder,43.0,47.6,47.6,Moderate,48.8,Moderate,1.177737461907414,-95.96471170910266,41.328338066643646
31055000600,Census Tract 6,115,519,0.22157996146435452,43,41,31,0.3739130434782609,0.31021194605009633,325.8461288773981,1059.0,25857.0,646.425,412.57500000000005,True,0.6254681647940075,0.4395604395604395,0.2789855072463768,60.0,0.1171875,0.7472527472527473,0.2527472527472527,0.4466248037676609,0.2833594976452119,0.0871428571428571,0.8385714285714285,,,,,,GTFS unavailable - placeholder,71.4,75.5,75.5,Higher,25.7,Lower,0.3529273169400443,-95.94918658423101,41.30344794384785
31055007465,Census Tract 74.65,953,2414,0.3947804473902237,142,237,574,0.14900314795383002,0.1876553438276719,1230.8665693397377,1312.0,80660.0,2016.5,-704.5,False,0.421188630490956,0.0903210349784379,0.0362010221465076,143.0,0.079136690647482,0.4008049242424242,0.5991950757575758,0.0205965909090909,0.1512784090909091,0.3932318104906937,0.944839255499154,,,,,,GTFS unavailable - placeholder,33.6,38.4,38.4,Moderate,60.0,Moderate,0.774251266334424,-96.08946239624188,41.196523613241304
31055007466,Census Tract 74.66,1285,3071,0.4184304786714425,471,385,429,0.3665369649805447,0.19146857701074568,1261.2748632057858,1063.0,72689.0,1817.225,-754.2249999999999,False,0.5532043530834341,0.1272658610271903,0.0134048257372654,205.0,0.0737144911902193,0.2666163141993958,0.7333836858006042,0.0211480362537764,0.1654078549848942,0.4135163127912998,0.9458829621957536,,,,,,GTFS unavailable - placeholder,34.6,39.4,39.4,Moderate,50.3,Moderate,1.0188104413132535,-96.07185430910788,41.197801818171776
31055007467,Census Tract 74.67,2904,2515,1.1546719681908548,555,882,1467,0.19111570247933884,0.17892644135188868,2910.589599335054,1036.0,69531.0,1738.275,-702.2750000000001,False,0.3879781420765027,0.1196448390677025,0.0435765009683666,57.0,0.0277642474427666,0.2975278932399913,0.7024721067600087,0.0148763946619995,0.223583460949464,0.38654650788542,0.946250402317348,,,,,,GTFS unavailable - placeholder,30.2,35.6,35.6,Moderate,61.9,Moderate,0.9977359915885909,-96.0509092788362,41.198423778846
31055007504,Census Tract 75.04,3817,1877,2.033564198188599,315,450,3052,0.08252554362064449,0.18327117741076185,85.40849258526158,988.0,102050.0,2551.25,-1563.25,False,0.4679802955665024,0.062931492299522,0.0356798457087753,86.0,0.0498550724637681,0.0866369125754791,0.9133630874245208,0.01102651614597,0.0351798372276188,0.4831538728725252,0.9565821465786732,,,,,,GTFS unavailable - placeholder,28.6,33.4,33.4,Moderate,67.0,Higher,44.691106053529346,-96.36112244131003,41.34664131351142
31055007506,Census Tract 75.06,2159,1852,1.1657667386609072,699,480,980,0.3237610004631774,0.16792656587473,501.5120917899095,1491.0,115500.0,2887.5,-1396.5,False,0.1829268292682926,0.1044063991018804,0.0396946564885496,11.0,0.0083207261724659,0.1713014460511679,0.8286985539488321,0.0139043381535038,0.0442157953281423,0.5674676524953789,0.9953789279112756,,,,,,GTFS unavailable - placeholder,28.2,33.9,33.9,Moderate,56.9,Moderate,4.304980947307718,-96.25513830459329,41.27941801149616
31055007469,Census Tract 74.69,524,2403,0.21806075738660008,146,186,192,0.2786259541984733,0.15980024968789014,527.2439538080939,1702.0,123790.0,3094.75,-1392.75,False,0.379746835443038,0.033894691963334,0.0075213675213675,37.0,0.0197860962566844,0.25,0.75,0.0259353741496598,0.072704081632653,0.4990554156171284,0.9518261964735516,,,,,,GTFS unavailable - placeholder,27.4,33.2,33.2,Lower,57.0,Moderate,0.9938473380592343,-96.16789603700619,41.29823025925347
31055007471,Census Tract 74.71,1305,1990,0.6557788944723618,710,330,265,0.5440613026819924,0.19095477386934673,1294.316158629626,1399.0,113523.0,2838.0750000000003,-1439.0750000000003,False,0.5593607305936074,0.0453090371829598,0.0376896720509055,169.0,0.1145762711864406,0.2853976852991874,0.7146023147008126,0.0807682836739719,0.1051465156365427,0.5170496664195701,0.975166790214974,,,,,,GTFS unavailable - placeholder,34.2,38.2,38.2,Moderate,40.2,Moderate,1.0082544294136648,-96.17005420688912,41.285593775847204
31055007517,Census Tract 75.17,505,3977,0.12698013578073925,162,176,167,0.3207920792079208,0.15790797083228564,256.199026730445,2074.0,132242.0,3306.05,-1232.0500000000002,False,0.2135728542914171,0.0268531468531468,0.0106132075471698,0.0,0.0,0.1719356627842484,0.8280643372157516,0.0110926234054353,0.0264836383804769,0.5227028190230256,0.9911771035076392,,,,,,GTFS unavailable - placeholder,25.8,32.0,32.0,Lower,56.0,Moderate,1.9711238034144691,-96.21146910416047,41.19622532291992
31055007514,Census Tract 75.14,1073,2010,0.5338308457711443,328,309,436,0.30568499534016774,0.19303482587064677,544.4221931907534,1762.0,243857.0,6096.424999999999,-4334.424999999999,False,0.0496894409937888,0.0165125495376486,0.0097664543524416,0.0,0.0,0.2071774548656979,0.7928225451343021,0.0094671950682518,0.0330250990752972,0.7845433255269321,0.9822683171629308,,,,,,GTFS unavailable - placeholder,24.9,31.1,31.1,Lower,57.3,Moderate,1.9708968763954204,-96.21517040911121,41.24200436365008
31055007515,Census Tract 75.15,1896,2638,0.7187263078089462,530,719,647,0.2795358649789029,0.1808188021228203,943.7295646129685,1302.0,161823.0,4045.575,-2743.575,False,0.3811074918566775,0.0102658111824014,0.004582651391162,0.0,0.0,0.1539871677360219,0.846012832263978,0.0078826764436296,0.072410632447296,0.689891135303266,0.990357698289269,,,,,,GTFS unavailable - placeholder,24.5,30.6,30.6,Lower,58.7,Moderate,2.0090501252629145,-96.21485398390162,41.228269564521646
31055007472,Census Tract 74.72,1374,2322,0.5917312661498708,509,470,395,0.37045123726346435,0.16192937123169682,1367.4649096569526,2652.0,109398.0,2734.9500000000003,-82.95000000000027,False,0.8252427184466019,0.0296954314720812,0.0178419711129991,0.0,0.0,0.1510337871911246,0.8489662128088754,0.040090771558245,0.0557236510337871,0.5601222826086957,0.9789402173913044,,,,,,GTFS unavailable - placeholder,25.4,31.5,31.5,Lower,54.3,Moderate,1.004778982112738,-96.14559582982037,41.28535776596146
