GEOID,tract_label,median_rent,median_household_income,affordable_rent_estimate,vehicle_households_total,households_without_vehicles,no_vehicle_share,poverty_universe,population_below_poverty,poverty_rate,civilian_labor_force,unemployed_population,unemployment_rate,race_ethnicity_total,nh_white_population,nh_black_population,nh_native_population,nh_asian_population,nh_pacific_population,nh_other_population,nh_two_or_more_population,hispanic_population,nh_white_share,nh_black_share,nh_native_share,nh_asian_share,nh_pacific_share,nh_other_share,nh_two_or_more_share,hispanic_share,people_of_color_share,education_25plus_total,hs_plus_population,bachelors_plus_population,hs_plus_share,bachelors_plus_share,rent_burden_universe,rent_burdened_households,rent_burden_rate,acs_year
31055000200,Census Tract 2; Douglas County; Nebraska,1171.0,48136.0,1203.3999999999999,1414.0,131.0,0.09264497878359264,3200.0,548.0,0.17125,1686.0,72.0,0.042704626334519574,3266.0,2334.0,339.0,0.0,0.0,0.0,0.0,245.0,348.0,0.7146356399265156,0.10379669320269443,0.0,0.0,0.0,0.0,0.07501530924678505,0.1065523576240049,0.2853643600734844,2268.0,1940.0,629.0,0.855379188712522,0.27733686067019403,357.0,228.0,0.6386554621848739,2024
31055000300,Census Tract 3; Douglas County; Nebraska,1209.0,40656.0,1016.4,1021.0,198.0,0.1939275220372184,2762.0,933.0,0.33779869659666906,1255.0,215.0,0.17131474103585656,2762.0,525.0,1257.0,0.0,0.0,0.0,0.0,396.0,584.0,0.19007965242577843,0.4551049963794352,0.0,0.0,0.0,0.0,0.14337436640115858,0.2114409847936278,0.8099203475742216,1430.0,1223.0,111.0,0.8552447552447553,0.07762237762237763,676.0,461.0,0.6819526627218935,2024
31055000400,Census Tract 4; Douglas County; Nebraska,946.0,63611.0,1590.2749999999999,742.0,59.0,0.07951482479784366,1819.0,372.0,0.2045079714128642,920.0,44.0,0.04782608695652174,1819.0,1224.0,53.0,2.0,0.0,0.0,0.0,72.0,468.0,0.6728971962616822,0.029136888400219902,0.0010995052226498076,0.0,0.0,0.0,0.03958218801539307,0.25728422210005497,0.3271028037383178,1276.0,989.0,194.0,0.7750783699059561,0.15203761755485892,270.0,99.0,0.36666666666666664,2024
31055000500,Census Tract 5; Douglas County; Nebraska,1427.0,72708.0,1817.6999999999998,1199.0,67.0,0.05587989991659716,2394.0,762.0,0.3182957393483709,1458.0,118.0,0.08093278463648834,3484.0,2083.0,451.0,23.0,75.0,23.0,0.0,141.0,688.0,0.5978760045924225,0.12944890929965558,0.006601607347876005,0.021526980482204364,0.006601607347876005,0.0,0.0404707233065442,0.19747416762342135,0.4021239954075775,2695.0,2507.0,1156.0,0.9302411873840445,0.42894248608534324,847.0,336.0,0.39669421487603307,2024
31055000600,Census Tract 6; Douglas County; Nebraska,1059.0,25857.0,646.425,512.0,60.0,0.1171875,1274.0,560.0,0.43956043956043955,552.0,154.0,0.27898550724637683,1274.0,322.0,569.0,0.0,0.0,0.0,0.0,22.0,361.0,0.25274725274725274,0.4466248037676609,0.0,0.0,0.0,0.0,0.01726844583987441,0.28335949764521196,0.7472527472527473,700.0,587.0,61.0,0.8385714285714285,0.08714285714285715,267.0,167.0,0.6254681647940075,2024
31055000700,Census Tract 7; Douglas County; Nebraska,850.0,37422.0,935.5500000000001,481.0,96.0,0.1995841995841996,1113.0,311.0,0.27942497753818507,482.0,54.0,0.11203319502074689,1113.0,189.0,822.0,0.0,0.0,0.0,0.0,61.0,41.0,0.16981132075471697,0.738544474393531,0.0,0.0,0.0,0.0,0.05480682839173405,0.036837376460017966,0.8301886792452831,715.0,589.0,71.0,0.8237762237762237,0.0993006993006993,291.0,84.0,0.28865979381443296,2024
31055000800,Census Tract 8; Douglas County; Nebraska,1128.0,60578.0,1514.4499999999998,751.0,53.0,0.07057256990679095,1898.0,238.0,0.12539515279241306,967.0,60.0,0.06204756980351603,1898.0,158.0,897.0,2.0,216.0,0.0,6.0,239.0,380.0,0.08324552160168598,0.4726027397260274,0.001053740779768177,0.11380400421496312,0.0,0.003161222339304531,0.12592202318229714,0.20021074815595363,0.916754478398314,1262.0,984.0,292.0,0.7797147385103012,0.23137876386687797,257.0,86.0,0.3346303501945525,2024
31055001100,Census Tract 11; Douglas County; Nebraska,1096.0,33484.0,837.0999999999999,1150.0,396.0,0.3443478260869565,2710.0,776.0,0.2863468634686347,1320.0,50.0,0.03787878787878788,2744.0,830.0,1326.0,0.0,0.0,0.0,0.0,221.0,367.0,0.30247813411078717,0.48323615160349853,0.0,0.0,0.0,0.0,0.08053935860058309,0.13374635568513119,0.6975218658892128,1527.0,1249.0,187.0,0.8179436804191225,0.12246234446627374,1019.0,595.0,0.5839057899901865,2024
31055001200,Census Tract 12; Douglas County; Nebraska,1044.0,31852.0,796.3000000000001,1304.0,225.0,0.17254601226993865,4603.0,1754.0,0.38105583315229197,2244.0,346.0,0.15418894830659535,4624.0,1378.0,1789.0,109.0,707.0,0.0,0.0,90.0,551.0,0.29801038062283736,0.38689446366782004,0.023572664359861592,0.15289792387543252,0.0,0.0,0.019463667820069204,0.11916089965397923,0.7019896193771626,3217.0,2488.0,500.0,0.7733913584084551,0.1554243083618278,793.0,459.0,0.5788146279949559,2024
31055001600,Census Tract 16; Douglas County; Nebraska,1361.0,35299.0,882.4749999999999,918.0,169.0,0.1840958605664488,1214.0,554.0,0.45634266886326197,1815.0,147.0,0.08099173553719008,3416.0,2269.0,171.0,0.0,419.0,0.0,34.0,145.0,378.0,0.6642271662763466,0.05005854800936768,0.0,0.12265807962529274,0.0,0.009953161592505855,0.042447306791569085,0.11065573770491803,0.3357728337236534,547.0,498.0,384.0,0.9104204753199269,0.7020109689213894,911.0,629.0,0.6904500548847421,2024
31055001800,Census Tract 18; Douglas County; Nebraska,1417.0,76441.0,1911.0249999999999,2968.0,211.0,0.07109164420485176,3981.0,640.0,0.16076362722933937,2964.0,0.0,0.0,4969.0,3498.0,735.0,62.0,34.0,0.0,59.0,150.0,431.0,0.7039645803984705,0.14791708593278324,0.012477359629704166,0.006842423022740994,0.0,0.011873616421815255,0.030187160394445564,0.08673777420004025,0.29603541960152946,4007.0,3844.0,2290.0,0.959321187921138,0.5714998752183679,2481.0,966.0,0.3893591293833132,2024
31055001900,Census Tract 19; Douglas County; Nebraska,941.0,39163.0,979.0749999999999,1251.0,300.0,0.23980815347721823,1807.0,569.0,0.3148865522966242,1244.0,53.0,0.04260450160771704,1856.0,935.0,415.0,10.0,141.0,0.0,0.0,147.0,208.0,0.5037715517241379,0.22359913793103448,0.005387931034482759,0.07596982758620689,0.0,0.0,0.07920258620689655,0.11206896551724138,0.4962284482758621,1276.0,1138.0,419.0,0.8918495297805643,0.3283699059561129,1149.0,526.0,0.4577893820713664,2024
31055002000,Census Tract 20; Douglas County; Nebraska,1170.0,47020.0,1175.5,1137.0,77.0,0.06772207563764292,3760.0,1136.0,0.3021276595744681,1523.0,84.0,0.0551543007222587,3760.0,798.0,115.0,0.0,0.0,8.0,0.0,54.0,2785.0,0.21223404255319148,0.030585106382978722,0.0,0.0,0.002127659574468085,0.0,0.014361702127659574,0.7406914893617021,0.7877659574468086,2181.0,1586.0,375.0,0.7271893626776708,0.171939477303989,578.0,365.0,0.6314878892733564,2024
31055002100,Census Tract 21; Douglas County; Nebraska,1080.0,44531.0,1113.2749999999999,990.0,201.0,0.20303030303030303,2405.0,602.0,0.2503118503118503,1202.0,128.0,0.1064891846921797,2502.0,1104.0,118.0,32.0,12.0,0.0,0.0,222.0,1014.0,0.4412470023980815,0.04716227018385292,0.012789768185451638,0.004796163069544364,0.0,0.0,0.08872901678657075,0.4052757793764988,0.5587529976019185,1551.0,1180.0,348.0,0.7607994842037396,0.22437137330754353,656.0,328.0,0.5,2024
31055002200,Census Tract 22; Douglas County; Nebraska,1159.0,75156.0,1878.8999999999999,725.0,17.0,0.023448275862068966,1437.0,260.0,0.18093249826026445,992.0,4.0,0.004032258064516129,1490.0,1058.0,38.0,0.0,8.0,0.0,9.0,46.0,331.0,0.7100671140939597,0.025503355704697986,0.0,0.005369127516778523,0.0,0.006040268456375839,0.03087248322147651,0.2221476510067114,0.28993288590604027,981.0,958.0,425.0,0.9765545361875637,0.4332313965341488,405.0,115.0,0.2839506172839506,2024
31055002300,Census Tract 23; Douglas County; Nebraska,955.0,52125.0,1303.125,971.0,132.0,0.13594232749742532,2292.0,419.0,0.18280977312390925,1060.0,101.0,0.09528301886792453,2435.0,1420.0,23.0,33.0,7.0,8.0,0.0,15.0,929.0,0.5831622176591376,0.00944558521560575,0.013552361396303902,0.002874743326488706,0.0032854209445585215,0.0,0.006160164271047228,0.38151950718685834,0.41683778234086244,1703.0,1242.0,562.0,0.729301233118027,0.3300058719906048,280.0,82.0,0.29285714285714287,2024
31055002400,Census Tract 24; Douglas County; Nebraska,1569.0,47171.0,1179.2749999999999,1282.0,120.0,0.093603744149766,3405.0,780.0,0.2290748898678414,1860.0,28.0,0.015053763440860216,3521.0,1250.0,38.0,0.0,114.0,0.0,0.0,152.0,1967.0,0.35501278046009654,0.010792388525986936,0.0,0.032377165577960804,0.0,0.0,0.043169554103947745,0.558648111332008,0.6449872195399035,2233.0,1630.0,250.0,0.7299596954769368,0.11195700850873265,454.0,206.0,0.45374449339207046,2024
31055002500,Census Tract 25; Douglas County; Nebraska,1038.0,67907.0,1697.675,862.0,63.0,0.07308584686774942,2734.0,460.0,0.16825164594001463,1167.0,62.0,0.05312767780634105,2744.0,961.0,12.0,5.0,0.0,0.0,0.0,48.0,1718.0,0.3502186588921283,0.004373177842565598,0.0018221574344023323,0.0,0.0,0.0,0.01749271137026239,0.6260932944606414,0.6497813411078717,1653.0,1040.0,159.0,0.6291591046581972,0.09618874773139746,240.0,146.0,0.6083333333333333,2024
31055002600,Census Tract 26; Douglas County; Nebraska,1266.0,67917.0,1697.925,622.0,21.0,0.03376205787781351,2242.0,426.0,0.19000892060660124,1114.0,9.0,0.00807899461400359,2261.0,548.0,62.0,0.0,0.0,0.0,14.0,5.0,1632.0,0.24237063246351173,0.027421494913754976,0.0,0.0,0.0,0.006191950464396285,0.0022114108801415304,0.7218045112781954,0.7576293675364882,1442.0,852.0,187.0,0.5908460471567267,0.12968099861303745,169.0,62.0,0.3668639053254438,2024
31055002700,Census Tract 27; Douglas County; Nebraska,1136.0,58092.0,1452.3,769.0,77.0,0.10013003901170352,2626.0,403.0,0.15346534653465346,1228.0,43.0,0.03501628664495114,2626.0,396.0,118.0,0.0,0.0,0.0,0.0,86.0,2026.0,0.1507996953541508,0.04493526275704494,0.0,0.0,0.0,0.0,0.03274942878903275,0.7715156130997716,0.8492003046458492,1355.0,773.0,150.0,0.570479704797048,0.11070110701107011,382.0,178.0,0.46596858638743455,2024
31055002800,Census Tract 28; Douglas County; Nebraska,999.0,61042.0,1526.05,1133.0,121.0,0.10679611650485436,3383.0,908.0,0.26840082766775053,1669.0,133.0,0.07968843618933494,3412.0,832.0,95.0,8.0,36.0,0.0,0.0,22.0,2419.0,0.24384525205158264,0.027842907385697536,0.0023446658851113715,0.010550996483001172,0.0,0.0,0.006447831184056272,0.708968347010551,0.7561547479484174,2159.0,1087.0,168.0,0.5034738304770727,0.0778138026864289,438.0,272.0,0.6210045662100456,2024
31055002900,Census Tract 29; Douglas County; Nebraska,1025.0,44611.0,1115.2749999999999,1717.0,195.0,0.11357018054746651,5886.0,2943.0,0.5,2657.0,252.0,0.0948438088069251,5891.0,527.0,1250.0,30.0,163.0,0.0,0.0,273.0,3648.0,0.08945849601086403,0.21218808351722968,0.005092514004413512,0.027669326090646748,0.0,0.0,0.04634187744016296,0.619249702936683,0.910541503989136,2932.0,1642.0,84.0,0.5600272851296043,0.0286493860845839,937.0,394.0,0.4204909284951974,2024
31055003000,Census Tract 30; Douglas County; Nebraska,1626.0,71199.0,1779.9750000000001,2343.0,65.0,0.02774221084080239,8083.0,713.0,0.08820982308548807,3664.0,345.0,0.09415938864628821,8151.0,2211.0,326.0,0.0,13.0,0.0,0.0,95.0,5506.0,0.27125506072874495,0.03999509262667157,0.0,0.001594896331738437,0.0,0.0,0.011655011655011656,0.6754999386578334,0.728744939271255,4428.0,3103.0,461.0,0.7007678410117435,0.10411020776874436,492.0,191.0,0.3882113821138211,2024
31055003100,Census Tract 31; Douglas County; Nebraska,1216.0,60385.0,1509.625,1456.0,165.0,0.11332417582417582,4022.0,592.0,0.14719045251118845,2283.0,119.0,0.052124397722295226,4052.0,1347.0,126.0,0.0,0.0,7.0,0.0,81.0,2491.0,0.3324284304047384,0.031095755182625865,0.0,0.0,0.0017275419545903258,0.0,0.019990128331688055,0.6147581441263573,0.6675715695952615,2538.0,1704.0,251.0,0.6713947990543735,0.09889676910953507,417.0,156.0,0.37410071942446044,2024
31055003200,Census Tract 32; Douglas County; Nebraska,775.0,43571.0,1089.2749999999999,1000.0,307.0,0.307,2420.0,360.0,0.1487603305785124,1352.0,103.0,0.07618343195266272,2433.0,458.0,114.0,33.0,49.0,0.0,0.0,34.0,1745.0,0.18824496506370736,0.0468557336621455,0.013563501849568433,0.02013974517057131,0.0,0.0,0.013974517057131115,0.7172215371968763,0.8117550349362926,1376.0,910.0,167.0,0.6613372093023255,0.12136627906976744,780.0,314.0,0.4025641025641026,2024
31055003300,Census Tract 33; Douglas County; Nebraska,936.0,50662.0,1266.55,597.0,75.0,0.12562814070351758,2320.0,558.0,0.24051724137931035,975.0,72.0,0.07384615384615385,2322.0,485.0,241.0,1.0,0.0,0.0,0.0,85.0,1510.0,0.20887166236003446,0.10378983634797588,0.0004306632213608958,0.0,0.0,0.0,0.03660637381567614,0.6503014642549526,0.7911283376399656,1155.0,744.0,125.0,0.6441558441558441,0.10822510822510822,177.0,23.0,0.12994350282485875,2024
31055003401,Census Tract 34.01; Douglas County; Nebraska,1147.0,58125.0,1453.125,1548.0,111.0,0.07170542635658915,3775.0,1333.0,0.35311258278145696,2019.0,194.0,0.09608717186726103,3795.0,2142.0,76.0,0.0,57.0,0.0,0.0,129.0,1391.0,0.5644268774703557,0.02002635046113307,0.0,0.015019762845849802,0.0,0.0,0.03399209486166008,0.36653491436100133,0.4355731225296443,2354.0,1941.0,532.0,0.824553950722175,0.2259983007646559,736.0,345.0,0.46875,2024
31055003402,Census Tract 34.02; Douglas County; Nebraska,1577.0,88417.0,2210.4249999999997,1003.0,20.0,0.019940179461615155,2853.0,92.0,0.03224675779880827,1527.0,31.0,0.020301244269810084,2885.0,1727.0,86.0,4.0,31.0,0.0,0.0,32.0,1005.0,0.5986135181975737,0.02980935875216638,0.0013864818024263432,0.01074523396880416,0.0,0.0,0.011091854419410746,0.3483535528596187,0.4013864818024263,1863.0,1559.0,492.0,0.8368223295759528,0.2640901771336554,190.0,76.0,0.4,2024
31055003500,Census Tract 35; Douglas County; Nebraska,1201.0,60730.0,1518.25,1954.0,130.0,0.06653019447287616,4314.0,711.0,0.16481223922114047,2483.0,21.0,0.008457511075312122,4314.0,2653.0,472.0,0.0,11.0,40.0,41.0,99.0,998.0,0.614974501622624,0.10941121928604543,0.0,0.0025498377375985167,0.00927213722763097,0.009503940658321743,0.02294853963838665,0.23133982382939267,0.385025498377376,2766.0,2369.0,891.0,0.85647143890094,0.32212581344902386,721.0,394.0,0.5464632454923717,2024
31055003600,Census Tract 36; Douglas County; Nebraska,1611.0,89421.0,2235.525,2014.0,110.0,0.05461767626613704,4075.0,203.0,0.0498159509202454,2561.0,45.0,0.017571261226083563,4084.0,3392.0,176.0,4.0,145.0,0.0,60.0,174.0,133.0,0.8305582761998042,0.043095004897159644,0.0009794319294809011,0.03550440744368266,0.0,0.014691478942213516,0.042605288932419196,0.03256611165523996,0.16944172380019584,2929.0,2855.0,1622.0,0.9747354045749402,0.5537726186411744,674.0,202.0,0.2997032640949555,2024
31055003700,Census Tract 37; Douglas County; Nebraska,1317.0,95208.0,2380.2,1136.0,15.0,0.013204225352112676,2271.0,84.0,0.036988110964332896,1456.0,63.0,0.04326923076923077,2271.0,2108.0,23.0,6.0,5.0,0.0,0.0,41.0,88.0,0.9282254513430207,0.010127697049757816,0.002642007926023778,0.002201673271686482,0.0,0.0,0.01805372082782915,0.038749449581682076,0.0717745486569793,1802.0,1711.0,968.0,0.9495005549389567,0.537180910099889,276.0,101.0,0.36594202898550726,2024
31055003800,Census Tract 38; Douglas County; Nebraska,1048.0,64527.0,1613.175,1505.0,151.0,0.10033222591362126,3223.0,515.0,0.15978901644430654,1776.0,104.0,0.05855855855855856,3635.0,2078.0,269.0,19.0,45.0,0.0,5.0,188.0,1031.0,0.5716643741403026,0.07400275103163687,0.005226960110041265,0.012379642365887207,0.0,0.001375515818431912,0.05171939477303989,0.2836313617606602,0.4283356258596974,2632.0,2236.0,900.0,0.8495440729483282,0.34194528875379937,850.0,267.0,0.31411764705882356,2024
31055003900,Census Tract 39; Douglas County; Nebraska,1176.0,54713.0,1367.8249999999998,946.0,106.0,0.11205073995771671,2286.0,488.0,0.21347331583552057,1386.0,63.0,0.045454545454545456,2309.0,932.0,239.0,6.0,46.0,0.0,53.0,41.0,992.0,0.4036379385015158,0.10350801212646167,0.00259852750108272,0.01992204417496752,0.0,0.022953659592897357,0.017756604590731917,0.429623213512343,0.5963620614984841,1332.0,1066.0,427.0,0.8003003003003003,0.3205705705705706,751.0,305.0,0.40612516644474034,2024
31055004000,Census Tract 40; Douglas County; Nebraska,1013.0,36997.0,924.9250000000001,2272.0,357.0,0.15713028169014084,3280.0,906.0,0.276219512195122,2162.0,84.0,0.03885291396854764,3298.0,2099.0,543.0,0.0,36.0,0.0,0.0,244.0,376.0,0.6364463311097635,0.1646452395391146,0.0,0.010915706488781079,0.0,0.0,0.0739842328684051,0.11400848999393572,0.36355366889023655,2302.0,2082.0,1039.0,0.9044309296264118,0.4513466550825369,1862.0,786.0,0.4221267454350161,2024
31055004200,Census Tract 42; Douglas County; Nebraska,980.0,51957.0,1298.925,730.0,98.0,0.13424657534246576,1313.0,242.0,0.1843107387661843,1016.0,83.0,0.08169291338582677,1347.0,810.0,130.0,0.0,9.0,0.0,0.0,99.0,299.0,0.6013363028953229,0.09651076466221233,0.0,0.0066815144766146995,0.0,0.0,0.07349665924276169,0.22197475872308833,0.3986636971046771,1064.0,983.0,451.0,0.9238721804511278,0.42387218045112784,521.0,277.0,0.5316698656429942,2024
31055004300,Census Tract 43; Douglas County; Nebraska,1232.0,49878.0,1246.95,1917.0,285.0,0.1486697965571205,3072.0,510.0,0.166015625,1982.0,14.0,0.007063572149344097,3262.0,2416.0,305.0,2.0,221.0,0.0,0.0,157.0,161.0,0.7406499080318822,0.09350091968117719,0.0006131207847946045,0.0677498467198038,0.0,0.0,0.04812998160637646,0.04935622317596566,0.25935009196811776,2410.0,2205.0,1494.0,0.9149377593360996,0.6199170124481328,1533.0,684.0,0.4461839530332681,2024
31055004400,Census Tract 44; Douglas County; Nebraska,1156.0,56083.0,1402.0749999999998,775.0,84.0,0.10838709677419354,1307.0,160.0,0.12241775057383321,953.0,5.0,0.005246589716684155,1313.0,998.0,46.0,1.0,48.0,0.0,0.0,42.0,178.0,0.7600913937547601,0.035034272658035034,0.0007616146230007616,0.03655750190403656,0.0,0.0,0.03198781416603199,0.13556740289413557,0.2399086062452399,901.0,826.0,479.0,0.9167591564927858,0.5316315205327414,508.0,250.0,0.4921259842519685,2024
31055004500,Census Tract 45; Douglas County; Nebraska,1264.0,64412.0,1610.3,1728.0,117.0,0.06770833333333333,3189.0,339.0,0.10630291627469426,1919.0,109.0,0.05680041688379364,3206.0,2790.0,106.0,7.0,98.0,0.0,0.0,127.0,78.0,0.8702432938240798,0.0330630068621335,0.002183406113537118,0.03056768558951965,0.0,0.0,0.03961322520274485,0.024329382407985028,0.12975670617592017,2310.0,2242.0,1485.0,0.9705627705627705,0.6428571428571429,603.0,329.0,0.5456053067993366,2024
31055004600,Census Tract 46; Douglas County; Nebraska,1040.0,113550.0,2838.75,1153.0,49.0,0.042497831743278404,2494.0,164.0,0.06575781876503609,1553.0,26.0,0.01674179008370895,2494.0,2000.0,100.0,1.0,332.0,0.0,0.0,25.0,36.0,0.8019246190858059,0.040096230954290296,0.00040096230954290296,0.13311948676824378,0.0,0.0,0.010024057738572574,0.014434643143544507,0.19807538091419408,1808.0,1749.0,1212.0,0.9673672566371682,0.6703539823008849,511.0,147.0,0.2876712328767123,2024
31055004700,Census Tract 47; Douglas County; Nebraska,,194327.0,4858.175,825.0,9.0,0.01090909090909091,2272.0,80.0,0.035211267605633804,1667.0,52.0,0.03119376124775045,3018.0,2526.0,89.0,0.0,117.0,0.0,16.0,134.0,136.0,0.8369781312127237,0.029489728296885353,0.0,0.03876739562624255,0.0,0.005301524188204109,0.04440026507620941,0.04506295559973492,0.16302186878727631,1494.0,1474.0,1245.0,0.9866131191432396,0.8333333333333334,30.0,6.0,0.2,2024
31055004800,Census Tract 48; Douglas County; Nebraska,893.0,60052.0,1501.3,2191.0,150.0,0.06846188954815152,4020.0,554.0,0.13781094527363183,2600.0,77.0,0.029615384615384616,4020.0,3011.0,561.0,0.0,141.0,0.0,0.0,98.0,209.0,0.7490049751243781,0.13955223880597015,0.0,0.03507462686567164,0.0,0.0,0.02437810945273632,0.05199004975124378,0.25099502487562186,2951.0,2905.0,1929.0,0.9844120637072179,0.6536767197560149,1330.0,351.0,0.2639097744360902,2024
31055004900,Census Tract 49; Douglas County; Nebraska,1063.0,44278.0,1106.95,2101.0,407.0,0.193717277486911,4789.0,1666.0,0.3478805596157862,2936.0,88.0,0.02997275204359673,4794.0,2533.0,864.0,0.0,205.0,0.0,0.0,182.0,1010.0,0.5283687943262412,0.1802252816020025,0.0,0.04276178556528994,0.0,0.0,0.03796412181894034,0.21068001668752606,0.4716312056737588,2963.0,2608.0,1271.0,0.8801889976375296,0.42895713803577457,1401.0,686.0,0.489650249821556,2024
31055005000,Census Tract 50; Douglas County; Nebraska,1092.0,52926.0,1323.1499999999999,1793.0,141.0,0.07863915225878416,3660.0,807.0,0.22049180327868853,2389.0,205.0,0.08580996232733361,3698.0,2231.0,609.0,19.0,165.0,0.0,0.0,141.0,533.0,0.6032990805840995,0.16468361276365603,0.005137912385073012,0.04461871281773932,0.0,0.0,0.03812871822606814,0.14413196322336397,0.39670091941590047,2197.0,2031.0,1139.0,0.9244424214838416,0.5184342284934,1393.0,638.0,0.4580043072505384,2024
31055005100,Census Tract 51; Douglas County; Nebraska,1060.0,51225.0,1280.625,997.0,128.0,0.1283851554663992,2388.0,648.0,0.271356783919598,1457.0,122.0,0.08373369938229239,2428.0,1119.0,351.0,0.0,316.0,0.0,0.0,104.0,538.0,0.46087314662273476,0.14456342668863262,0.0,0.1301482701812191,0.0,0.0,0.042833607907743,0.2215815485996705,0.5391268533772653,1571.0,1517.0,638.0,0.9656269891788669,0.4061107574793125,512.0,242.0,0.47265625,2024
31055005200,Census Tract 52; Douglas County; Nebraska,1031.0,50500.0,1262.5,518.0,43.0,0.08301158301158301,1730.0,662.0,0.38265895953757223,790.0,123.0,0.15569620253164557,1730.0,237.0,701.0,4.0,153.0,0.0,55.0,85.0,495.0,0.13699421965317918,0.4052023121387283,0.0023121387283236996,0.0884393063583815,0.0,0.031791907514450865,0.049132947976878616,0.2861271676300578,0.8630057803468208,1002.0,634.0,85.0,0.6327345309381237,0.08483033932135728,313.0,129.0,0.41214057507987223,2024
31055005300,Census Tract 53; Douglas County; Nebraska,1100.0,32500.0,812.5,954.0,155.0,0.16247379454926625,2832.0,1295.0,0.457274011299435,896.0,101.0,0.11272321428571429,2832.0,470.0,1543.0,19.0,119.0,0.0,0.0,280.0,401.0,0.16596045197740114,0.5448446327683616,0.006709039548022599,0.042019774011299436,0.0,0.0,0.09887005649717515,0.1415960451977401,0.8340395480225988,1280.0,986.0,189.0,0.7703125,0.14765625,673.0,536.0,0.7964338781575037,2024
31055005400,Census Tract 54; Douglas County; Nebraska,1000.0,42954.0,1073.85,1259.0,113.0,0.08975377283558379,3494.0,590.0,0.1688609044075558,2133.0,298.0,0.13970932958274732,3494.0,1229.0,1048.0,23.0,162.0,0.0,0.0,236.0,796.0,0.35174585002862047,0.2999427590154551,0.00658271322266743,0.04636519748139668,0.0,0.0,0.06754436176302232,0.227819118488838,0.6482541499713795,2078.0,1750.0,379.0,0.8421559191530318,0.1823869104908566,652.0,497.0,0.7622699386503068,2024
31055005500,Census Tract 55; Douglas County; Nebraska,1190.0,122813.0,3070.3250000000003,2051.0,50.0,0.02437835202340322,5359.0,874.0,0.1630901287553648,3094.0,45.0,0.014544279250161603,5380.0,4312.0,728.0,21.0,26.0,0.0,0.0,192.0,101.0,0.8014869888475836,0.13531598513011153,0.003903345724907063,0.0048327137546468404,0.0,0.0,0.035687732342007436,0.018773234200743494,0.19851301115241637,3732.0,3507.0,2215.0,0.9397106109324759,0.5935155412647374,610.0,280.0,0.45901639344262296,2024
31055005600,Census Tract 56; Douglas County; Nebraska,1125.0,69004.0,1725.1000000000001,1766.0,68.0,0.03850509626274066,3824.0,340.0,0.08891213389121339,2524.0,74.0,0.029318541996830427,3965.0,3095.0,481.0,4.0,95.0,0.0,0.0,176.0,114.0,0.7805800756620429,0.12131147540983607,0.001008827238335435,0.02395964691046658,0.0,0.0,0.04438839848675914,0.0287515762925599,0.2194199243379571,3104.0,2846.0,1086.0,0.916881443298969,0.34987113402061853,534.0,161.0,0.301498127340824,2024
31055005700,Census Tract 57; Douglas County; Nebraska,1172.0,58117.0,1452.925,2186.0,247.0,0.11299176578225069,4513.0,557.0,0.12342122756481276,2626.0,180.0,0.06854531607006854,4513.0,2413.0,1146.0,21.0,100.0,0.0,0.0,593.0,240.0,0.5346775980500775,0.2539330822069577,0.004653224019499224,0.022158209616662972,0.0,0.0,0.13139818302681144,0.053179703079991134,0.46532240194992247,3131.0,2907.0,893.0,0.9284573618652188,0.28521239220696265,965.0,377.0,0.39067357512953366,2024
31055005800,Census Tract 58; Douglas County; Nebraska,859.0,66869.0,1671.7250000000001,1830.0,206.0,0.11256830601092896,4423.0,846.0,0.1912728917024644,2384.0,75.0,0.031459731543624164,4470.0,1979.0,664.0,0.0,903.0,2.0,77.0,361.0,484.0,0.44272930648769576,0.14854586129753916,0.0,0.20201342281879195,0.00044742729306487697,0.017225950782997764,0.08076062639821029,0.10827740492170022,0.5572706935123042,2944.0,2399.0,1221.0,0.8148777173913043,0.414741847826087,457.0,216.0,0.4726477024070022,2024
31055005901,Census Tract 59.01; Douglas County; Nebraska,1134.0,45266.0,1131.6499999999999,914.0,99.0,0.10831509846827134,2641.0,910.0,0.34456645210147674,1218.0,110.0,0.090311986863711,2794.0,477.0,1206.0,1.0,0.0,0.0,21.0,73.0,1016.0,0.17072297780959197,0.4316392269148175,0.00035790980672870435,0.0,0.0,0.007516105941302791,0.026127415891195417,0.36363636363636365,0.829277022190408,1551.0,1130.0,196.0,0.7285622179239201,0.12637008381689233,596.0,382.0,0.6409395973154363,2024
31055005902,Census Tract 59.02; Douglas County; Nebraska,1138.0,57545.0,1438.625,760.0,110.0,0.14473684210526316,2245.0,485.0,0.21603563474387527,959.0,87.0,0.09071949947862357,2245.0,446.0,982.0,0.0,160.0,0.0,0.0,87.0,570.0,0.19866369710467707,0.4374164810690423,0.0,0.07126948775055679,0.0,0.0,0.03875278396436525,0.25389755011135856,0.8013363028953229,1334.0,973.0,250.0,0.7293853073463268,0.1874062968515742,312.0,186.0,0.5961538461538461,2024
31055006000,Census Tract 60; Douglas County; Nebraska,1196.0,45797.0,1144.925,1439.0,137.0,0.09520500347463516,4474.0,1324.0,0.2959320518551632,2240.0,171.0,0.07633928571428572,4481.0,660.0,2052.0,49.0,121.0,0.0,68.0,453.0,1078.0,0.14728855166257532,0.45793349698727964,0.010935059138585137,0.02700290113813881,0.0,0.015175184110689579,0.10109350591385852,0.24057130104887303,0.8527114483374247,2566.0,1890.0,203.0,0.7365549493374902,0.07911145752143414,921.0,577.0,0.6264929424538545,2024
31055006101,Census Tract 61.01; Douglas County; Nebraska,1095.0,39573.0,989.3249999999999,962.0,213.0,0.22141372141372143,2748.0,1243.0,0.45232896652110627,1196.0,167.0,0.13963210702341136,2748.0,415.0,1570.0,0.0,186.0,0.0,0.0,325.0,252.0,0.151018922852984,0.5713245997088792,0.0,0.06768558951965066,0.0,0.0,0.11826783114992721,0.09170305676855896,0.848981077147016,1526.0,1161.0,169.0,0.7608125819134993,0.1107470511140236,565.0,366.0,0.647787610619469,2024
31055006102,Census Tract 61.02; Douglas County; Nebraska,1152.0,41178.0,1029.45,1597.0,134.0,0.08390732623669381,4464.0,1411.0,0.316084229390681,1760.0,176.0,0.1,4499.0,1276.0,2589.0,8.0,0.0,0.0,0.0,107.0,519.0,0.28361858190709044,0.5754612136030229,0.0017781729273171815,0.0,0.0,0.0,0.023783062902867302,0.11535896865970216,0.7163814180929096,2303.0,2083.0,256.0,0.9044724272687799,0.11115935735996527,647.0,453.0,0.7001545595054096,2024
31055006202,Census Tract 62.02; Douglas County; Nebraska,1041.0,54630.0,1365.75,1832.0,154.0,0.08406113537117904,5299.0,1725.0,0.3255331194565012,2399.0,251.0,0.10462692788661943,5349.0,2085.0,1993.0,15.0,129.0,0.0,51.0,622.0,454.0,0.38979248457655635,0.3725930080388858,0.0028042624789680315,0.02411665731912507,0.0,0.009534492428491307,0.1162834174612077,0.08487567769676575,0.6102075154234436,3082.0,2774.0,583.0,0.900064892926671,0.1891628812459442,712.0,379.0,0.5323033707865169,2024
31055006301,Census Tract 63.01; Douglas County; Nebraska,820.0,53816.0,1345.3999999999999,1476.0,346.0,0.23441734417344173,2837.0,598.0,0.21078604159323228,1423.0,119.0,0.08362614195361912,2837.0,875.0,1439.0,0.0,288.0,0.0,0.0,135.0,100.0,0.30842439196334154,0.5072259428974268,0.0,0.10151568558336271,0.0,0.0,0.04758547761720127,0.035248501938667604,0.6915756080366584,1963.0,1589.0,462.0,0.8094752929190016,0.23535404992358636,801.0,452.0,0.5642946317103621,2024
31055006302,Census Tract 63.02; Douglas County; Nebraska,1073.0,61581.0,1539.5249999999999,1652.0,263.0,0.15920096852300242,4811.0,493.0,0.10247349823321555,2363.0,225.0,0.09521794329242489,4870.0,1166.0,1947.0,1.0,1076.0,8.0,10.0,182.0,480.0,0.23942505133470227,0.3997946611909651,0.0002053388090349076,0.22094455852156059,0.0016427104722792608,0.002053388090349076,0.03737166324435318,0.09856262833675565,0.7605749486652977,3021.0,2328.0,709.0,0.7706057596822244,0.2346904998344919,673.0,435.0,0.6463595839524517,2024
31055006303,Census Tract 63.03; Douglas County; Nebraska,1124.0,70545.0,1763.625,1076.0,111.0,0.10315985130111524,3025.0,384.0,0.12694214876033058,1730.0,217.0,0.1254335260115607,3025.0,853.0,655.0,0.0,1027.0,0.0,0.0,271.0,219.0,0.28198347107438015,0.21652892561983472,0.0,0.33950413223140496,0.0,0.0,0.08958677685950413,0.07239669421487603,0.7180165289256198,2026.0,1301.0,314.0,0.642152023692004,0.1549851924975321,542.0,147.0,0.27121771217712176,2024
31055006400,Census Tract 64; Douglas County; Nebraska,1122.0,61599.0,1539.9750000000001,2533.0,93.0,0.03671535728385314,4821.0,198.0,0.04107031736154325,2908.0,184.0,0.06327372764786796,4821.0,3810.0,446.0,0.0,0.0,0.0,0.0,369.0,196.0,0.790292470441817,0.09251192698610247,0.0,0.0,0.0,0.0,0.07654013690105788,0.04065546567102261,0.20970752955818295,3525.0,3269.0,1295.0,0.9273758865248227,0.36737588652482267,936.0,481.0,0.5138888888888888,2024
31055006503,Census Tract 65.03; Douglas County; Nebraska,1313.0,93148.0,2328.7,1106.0,34.0,0.03074141048824593,2778.0,390.0,0.14038876889848811,1564.0,84.0,0.05370843989769821,2778.0,2153.0,187.0,12.0,0.0,0.0,0.0,220.0,206.0,0.7750179985601152,0.06731461483081354,0.004319654427645789,0.0,0.0,0.0,0.07919366450683946,0.07415406767458603,0.22498200143988478,1965.0,1931.0,667.0,0.9826972010178117,0.33944020356234095,246.0,42.0,0.17073170731707318,2024
31055006504,Census Tract 65.04; Douglas County; Nebraska,1142.0,70173.0,1754.3249999999998,1443.0,157.0,0.1088011088011088,3701.0,990.0,0.2674952715482302,1723.0,12.0,0.006964596633778294,3740.0,2736.0,203.0,0.0,79.0,0.0,16.0,152.0,554.0,0.7315508021390374,0.05427807486631016,0.0,0.021122994652406416,0.0,0.0042780748663101605,0.040641711229946524,0.1481283422459893,0.26844919786096255,2437.0,2341.0,850.0,0.9606073040623717,0.3487894952810833,367.0,178.0,0.48501362397820164,2024
31055006505,Census Tract 65.05; Douglas County; Nebraska,1107.0,67317.0,1682.925,792.0,180.0,0.22727272727272727,1728.0,155.0,0.08969907407407407,812.0,71.0,0.0874384236453202,1830.0,1020.0,367.0,3.0,74.0,0.0,0.0,119.0,247.0,0.5573770491803278,0.2005464480874317,0.001639344262295082,0.040437158469945354,0.0,0.0,0.06502732240437159,0.13497267759562842,0.4426229508196722,1405.0,1260.0,472.0,0.896797153024911,0.33594306049822065,336.0,241.0,0.7172619047619048,2024
31055006506,Census Tract 65.06; Douglas County; Nebraska,883.0,32419.0,810.4749999999999,1430.0,244.0,0.17062937062937064,3326.0,1125.0,0.3382441371016236,1367.0,113.0,0.08266276517922458,3444.0,1179.0,1323.0,0.0,591.0,0.0,0.0,112.0,239.0,0.3423344947735192,0.38414634146341464,0.0,0.171602787456446,0.0,0.0,0.032520325203252036,0.06939605110336818,0.6576655052264808,2495.0,2012.0,482.0,0.8064128256513026,0.19318637274549097,669.0,383.0,0.5724962630792227,2024
31055006603,Census Tract 66.03; Douglas County; Nebraska,938.0,35804.0,895.0999999999999,1418.0,201.0,0.14174894217207334,3163.0,766.0,0.24217515017388555,1406.0,61.0,0.04338549075391181,3165.0,1559.0,939.0,0.0,69.0,0.0,0.0,181.0,417.0,0.4925750394944708,0.2966824644549763,0.0,0.021800947867298578,0.0,0.0,0.057187993680884674,0.13175355450236967,0.5074249605055292,1916.0,1843.0,346.0,0.9618997912317327,0.18058455114822547,1049.0,558.0,0.5319351763584366,2024
31055006604,Census Tract 66.04; Douglas County; Nebraska,968.0,71250.0,1781.25,1714.0,173.0,0.10093348891481914,3712.0,255.0,0.06869612068965517,2146.0,21.0,0.0097856477166822,3798.0,3154.0,246.0,4.0,16.0,0.0,36.0,146.0,196.0,0.8304370721432333,0.06477093206951026,0.00105318588730911,0.00421274354923644,0.0,0.009478672985781991,0.038441284886782515,0.051606108478146395,0.16956292785676674,2881.0,2745.0,858.0,0.9527941686914266,0.2978132592849705,574.0,256.0,0.445993031358885,2024
31055006605,Census Tract 66.05; Douglas County; Nebraska,1294.0,60281.0,1507.0249999999999,1721.0,309.0,0.17954677513073794,2696.0,179.0,0.0663946587537092,1712.0,19.0,0.011098130841121495,2753.0,1949.0,385.0,0.0,70.0,0.0,0.0,210.0,139.0,0.7079549582273883,0.13984743915728295,0.0,0.025426807119505995,0.0,0.0,0.07628042135851798,0.050490374137304755,0.2920450417726117,2134.0,2048.0,798.0,0.9597000937207123,0.3739456419868791,1435.0,645.0,0.44947735191637633,2024
31055006606,Census Tract 66.06; Douglas County; Nebraska,1241.0,49149.0,1228.725,1310.0,35.0,0.026717557251908396,2878.0,652.0,0.226546212647672,1509.0,119.0,0.07886017229953611,2999.0,2066.0,268.0,0.0,186.0,0.0,0.0,134.0,345.0,0.6888962987662555,0.08936312104034679,0.0,0.06202067355785262,0.0,0.0,0.04468156052017339,0.1150383461153718,0.31110370123374453,1888.0,1703.0,629.0,0.9020127118644068,0.3331567796610169,689.0,364.0,0.5283018867924528,2024
31055006701,Census Tract 67.01; Douglas County; Nebraska,1127.0,115653.0,2891.3250000000003,1767.0,172.0,0.09734012450481042,4012.0,151.0,0.037637088733798604,1963.0,42.0,0.021395822720326033,4017.0,3736.0,41.0,3.0,110.0,0.0,0.0,0.0,127.0,0.9300472989793378,0.010206621857107294,0.0007468259895444362,0.027383619616629325,0.0,0.0,0.0,0.03161563355738113,0.0699527010206622,2702.0,2662.0,1966.0,0.9851961509992598,0.7276091783863805,712.0,332.0,0.46629213483146065,2024
31055006703,Census Tract 67.03; Douglas County; Nebraska,1216.0,88125.0,2203.125,1446.0,68.0,0.04702627939142462,3444.0,469.0,0.13617886178861788,1944.0,66.0,0.033950617283950615,3449.0,2851.0,319.0,2.0,12.0,0.0,0.0,91.0,174.0,0.8266164105537837,0.09249057697883445,0.0005798782255726297,0.0034792693534357786,0.0,0.0,0.026384459263554653,0.05044940562481879,0.17338358944621635,2221.0,2168.0,956.0,0.9761368752814048,0.4304367402071139,707.0,316.0,0.44695898161244696,2024
31055006704,Census Tract 67.04; Douglas County; Nebraska,1564.0,99688.0,2492.2,845.0,47.0,0.05562130177514793,1839.0,184.0,0.10005437737901034,774.0,23.0,0.029715762273901807,1864.0,1654.0,28.0,0.0,118.0,0.0,0.0,30.0,34.0,0.8873390557939914,0.015021459227467811,0.0,0.06330472103004292,0.0,0.0,0.016094420600858368,0.018240343347639486,0.11266094420600858,1330.0,1317.0,1008.0,0.9902255639097745,0.7578947368421053,370.0,226.0,0.6108108108108108,2024
31055006803,Census Tract 68.03; Douglas County; Nebraska,1131.0,97154.0,2428.85,885.0,96.0,0.10847457627118644,1775.0,70.0,0.03943661971830986,1035.0,27.0,0.02608695652173913,1775.0,1511.0,101.0,4.0,11.0,0.0,18.0,59.0,71.0,0.8512676056338028,0.056901408450704224,0.0022535211267605635,0.006197183098591549,0.0,0.010140845070422535,0.03323943661971831,0.04,0.14873239436619723,1408.0,1366.0,730.0,0.9701704545454546,0.5184659090909091,175.0,35.0,0.2,2024
31055006804,Census Tract 68.04; Douglas County; Nebraska,,206705.0,5167.625,649.0,0.0,0.0,1755.0,17.0,0.009686609686609686,952.0,15.0,0.015756302521008403,1755.0,1515.0,16.0,7.0,33.0,0.0,0.0,66.0,118.0,0.8632478632478633,0.009116809116809116,0.003988603988603989,0.018803418803418803,0.0,0.0,0.037606837606837605,0.06723646723646724,0.1367521367521367,1182.0,1170.0,915.0,0.9898477157360406,0.7741116751269036,23.0,0.0,0.0,2024
31055006805,Census Tract 68.05; Douglas County; Nebraska,1883.0,124476.0,3111.8999999999996,1367.0,27.0,0.019751280175566936,3364.0,141.0,0.04191438763376932,1623.0,26.0,0.016019716574245224,3364.0,3010.0,18.0,0.0,109.0,0.0,11.0,26.0,190.0,0.8947681331747919,0.00535077288941736,0.0,0.032401902497027346,0.0,0.0032699167657550534,0.0077288941736028535,0.05648038049940547,0.10523186682520813,2290.0,2271.0,1656.0,0.991703056768559,0.7231441048034934,310.0,175.0,0.5645161290322581,2024
31055006806,Census Tract 68.06; Douglas County; Nebraska,1097.0,58846.0,1471.1499999999999,1190.0,123.0,0.10336134453781512,2291.0,620.0,0.27062418158009605,1358.0,89.0,0.06553755522827688,2388.0,1362.0,473.0,15.0,232.0,0.0,0.0,190.0,116.0,0.5703517587939698,0.19807370184254605,0.00628140703517588,0.09715242881072027,0.0,0.0,0.07956448911222781,0.048576214405360134,0.4296482412060302,1583.0,1538.0,746.0,0.9715729627289956,0.47125710675931776,948.0,476.0,0.5021097046413502,2024
31055006903,Census Tract 69.03; Douglas County; Nebraska,1125.0,91193.0,2279.825,993.0,24.0,0.02416918429003021,2507.0,62.0,0.02473075388911049,1409.0,32.0,0.0227111426543648,2515.0,2123.0,49.0,0.0,68.0,0.0,24.0,116.0,135.0,0.8441351888667992,0.0194831013916501,0.0,0.027037773359840953,0.0,0.009542743538767396,0.046123260437375746,0.0536779324055666,0.15586481113320083,1602.0,1527.0,825.0,0.9531835205992509,0.5149812734082397,293.0,126.0,0.4300341296928328,2024
31055006904,Census Tract 69.04; Douglas County; Nebraska,1559.0,118023.0,2950.5750000000003,1641.0,33.0,0.02010968921389397,4155.0,256.0,0.06161251504211793,2238.0,19.0,0.008489722966934763,4156.0,3719.0,49.0,0.0,8.0,0.0,13.0,157.0,210.0,0.8948508180943214,0.011790182868142445,0.0,0.0019249278152069298,0.0,0.0031280076997112606,0.037776708373435997,0.05052935514918191,0.10514918190567857,2748.0,2724.0,1617.0,0.9912663755458515,0.5884279475982532,428.0,226.0,0.5280373831775701,2024
31055006905,Census Tract 69.05; Douglas County; Nebraska,1254.0,76250.0,1906.25,706.0,38.0,0.053824362606232294,1615.0,96.0,0.05944272445820433,961.0,34.0,0.03537981269510926,1620.0,1425.0,47.0,25.0,0.0,0.0,0.0,30.0,93.0,0.8796296296296297,0.029012345679012345,0.015432098765432098,0.0,0.0,0.0,0.018518518518518517,0.05740740740740741,0.12037037037037035,1173.0,1108.0,415.0,0.9445865302642796,0.3537936913895993,205.0,88.0,0.4292682926829268,2024
31055006906,Census Tract 69.06; Douglas County; Nebraska,1526.0,78750.0,1968.75,1590.0,108.0,0.06792452830188679,3292.0,163.0,0.04951397326852977,1961.0,61.0,0.031106578276389598,3329.0,2650.0,11.0,0.0,91.0,0.0,0.0,46.0,531.0,0.7960348452988886,0.0033042955842595375,0.0,0.027335536197056174,0.0,0.0,0.013817963352358065,0.15950735956743767,0.20396515470111143,2533.0,2469.0,893.0,0.9747335175681011,0.35254638768258983,619.0,228.0,0.3683360258481422,2024
31055007001,Census Tract 70.01; Douglas County; Nebraska,1288.0,51385.0,1284.625,2675.0,443.0,0.165607476635514,4452.0,1114.0,0.2502246181491464,3150.0,151.0,0.04793650793650794,5299.0,2910.0,711.0,0.0,343.0,22.0,0.0,196.0,1117.0,0.5491602189092282,0.13417625967163616,0.0,0.06472919418758256,0.004151726740894509,0.0,0.036988110964332896,0.21079448952632573,0.45083978109077183,2847.0,2599.0,1176.0,0.9128907622058307,0.4130663856691254,2316.0,1267.0,0.5470639032815199,2024
31055007002,Census Tract 70.02; Douglas County; Nebraska,1199.0,74739.0,1868.4750000000001,1486.0,137.0,0.09219380888290714,3391.0,238.0,0.07018578590386317,2133.0,35.0,0.016408813877168308,3454.0,2326.0,123.0,0.0,34.0,0.0,0.0,86.0,885.0,0.6734221192819919,0.03561088592935727,0.0,0.009843659525188187,0.0,0.0,0.024898668210770122,0.25622466705269253,0.3265778807180081,2346.0,2149.0,1031.0,0.9160272804774083,0.4394714407502131,487.0,232.0,0.47638603696098564,2024
31055007003,Census Tract 70.03; Douglas County; Nebraska,1424.0,74457.0,1861.425,948.0,28.0,0.029535864978902954,2264.0,177.0,0.07818021201413428,1335.0,26.0,0.01947565543071161,2264.0,1456.0,13.0,2.0,0.0,0.0,0.0,19.0,774.0,0.6431095406360424,0.005742049469964664,0.0008833922261484099,0.0,0.0,0.0,0.008392226148409895,0.3418727915194346,0.3568904593639576,1592.0,1340.0,279.0,0.8417085427135679,0.17525125628140703,251.0,121.0,0.4820717131474104,2024
31055007101,Census Tract 71.01; Douglas County; Nebraska,1280.0,66313.0,1657.8249999999998,1220.0,62.0,0.05081967213114754,3280.0,532.0,0.16219512195121952,1413.0,62.0,0.043878273177636234,3371.0,1664.0,23.0,0.0,15.0,0.0,18.0,42.0,1609.0,0.4936220706021952,0.006822901216256304,0.0,0.004449718184514981,0.0,0.005339661821417977,0.012459210916641946,0.4773064372589736,0.5063779293978048,2250.0,1615.0,226.0,0.7177777777777777,0.10044444444444445,228.0,56.0,0.24561403508771928,2024
31055007102,Census Tract 71.02; Douglas County; Nebraska,1339.0,88844.0,2221.1,1225.0,28.0,0.022857142857142857,3568.0,277.0,0.07763452914798206,1717.0,43.0,0.025043680838672103,3568.0,1648.0,108.0,0.0,0.0,0.0,81.0,87.0,1644.0,0.4618834080717489,0.030269058295964126,0.0,0.0,0.0,0.022701793721973094,0.02438340807174888,0.460762331838565,0.5381165919282511,2295.0,1951.0,468.0,0.8501089324618737,0.20392156862745098,225.0,87.0,0.38666666666666666,2024
31055007303,Census Tract 73.03; Douglas County; Nebraska,1768.0,111136.0,2778.3999999999996,1234.0,12.0,0.009724473257698542,3026.0,205.0,0.06774619960343688,1419.0,29.0,0.0204369274136716,3075.0,2563.0,47.0,6.0,100.0,11.0,85.0,172.0,91.0,0.8334959349593496,0.015284552845528456,0.001951219512195122,0.032520325203252036,0.0035772357723577236,0.027642276422764227,0.0559349593495935,0.02959349593495935,0.1665040650406504,2264.0,2207.0,1177.0,0.9748233215547704,0.5198763250883393,77.0,41.0,0.5324675324675324,2024
31055007304,Census Tract 73.04; Douglas County; Nebraska,,90156.0,2253.9,657.0,7.0,0.0106544901065449,1416.0,125.0,0.0882768361581921,731.0,8.0,0.01094391244870041,1446.0,1098.0,105.0,0.0,13.0,0.0,0.0,47.0,183.0,0.7593360995850622,0.07261410788381743,0.0,0.008990318118948824,0.0,0.0,0.03250345781466114,0.12655601659751037,0.2406639004149378,1159.0,1123.0,396.0,0.9689387402933564,0.34167385677308026,28.0,22.0,0.7857142857142857,2024
31055007309,Census Tract 73.09; Douglas County; Nebraska,2152.0,97849.0,2446.225,1605.0,0.0,0.0,4315.0,570.0,0.1320973348783314,2513.0,40.0,0.01591723040191007,4323.0,2594.0,858.0,0.0,82.0,0.0,73.0,237.0,479.0,0.6000462641684016,0.1984732824427481,0.0,0.018968309044644922,0.0,0.01688642146657414,0.054823039555863984,0.11080268332176729,0.39995373583159843,2578.0,2457.0,918.0,0.9530643910007758,0.3560899922420481,131.0,70.0,0.5343511450381679,2024
31055007310,Census Tract 73.10; Douglas County; Nebraska,1329.0,88682.0,2217.0499999999997,1174.0,7.0,0.00596252129471891,3245.0,233.0,0.07180277349768875,2230.0,162.0,0.0726457399103139,3245.0,2309.0,646.0,0.0,109.0,0.0,23.0,54.0,104.0,0.7115562403697997,0.19907550077041603,0.0,0.03359013867488444,0.0,0.007087827426810477,0.016640986132511557,0.03204930662557781,0.2884437596302003,2052.0,1957.0,589.0,0.9537037037037037,0.28703703703703703,516.0,320.0,0.6201550387596899,2024
31055007311,Census Tract 73.11; Douglas County; Nebraska,1002.0,54935.0,1373.375,1127.0,178.0,0.15794143744454303,2809.0,543.0,0.1933072267710929,1314.0,12.0,0.0091324200913242,2854.0,1408.0,721.0,14.0,53.0,0.0,75.0,369.0,214.0,0.4933426769446391,0.2526278906797477,0.004905395935529082,0.01857042747021724,0.0,0.026278906797477224,0.12929222144358796,0.07498248072880168,0.5066573230553608,1684.0,1642.0,784.0,0.9750593824228029,0.4655581947743468,575.0,108.0,0.18782608695652173,2024
31055007312,Census Tract 73.12; Douglas County; Nebraska,1061.0,45941.0,1148.5249999999999,1178.0,209.0,0.1774193548387097,2687.0,339.0,0.126163007071083,1181.0,1.0,0.000846740050804403,2699.0,1475.0,1084.0,0.0,109.0,0.0,0.0,22.0,9.0,0.5464987032234161,0.4016302334197851,0.0,0.04038532789922193,0.0,0.0,0.008151167098925528,0.0033345683586513525,0.4535012967765839,1534.0,1346.0,399.0,0.877444589308996,0.26010430247718386,733.0,593.0,0.8090040927694406,2024
31055007314,Census Tract 73.14; Douglas County; Nebraska,2025.0,122381.0,3059.5249999999996,1748.0,13.0,0.007437070938215103,5507.0,112.0,0.020337751952061014,2991.0,143.0,0.04781009695753929,5560.0,4259.0,422.0,0.0,93.0,0.0,41.0,349.0,396.0,0.7660071942446043,0.07589928057553957,0.0,0.016726618705035973,0.0,0.007374100719424461,0.06276978417266187,0.07122302158273382,0.23399280575539572,3091.0,3057.0,1613.0,0.9890003235198964,0.5218375930119702,114.0,24.0,0.21052631578947367,2024
31055007315,Census Tract 73.15; Douglas County; Nebraska,1420.0,108149.0,2703.725,2426.0,42.0,0.01731244847485573,5639.0,58.0,0.010285511615534669,3185.0,42.0,0.013186813186813187,5639.0,3961.0,391.0,31.0,427.0,0.0,34.0,387.0,408.0,0.7024295087781521,0.06933853520127682,0.005497428622096116,0.07572264585919489,0.0,0.006029437843589289,0.06862918957261926,0.07235325412307146,0.29757049122184787,4175.0,3941.0,2074.0,0.9439520958083832,0.49676646706586824,243.0,70.0,0.2880658436213992,2024
31055007316,Census Tract 73.16; Douglas County; Nebraska,1592.0,142778.0,3569.4500000000003,1532.0,8.0,0.005221932114882507,4111.0,24.0,0.005837995621503284,2567.0,66.0,0.025710946630307752,4119.0,3224.0,600.0,0.0,64.0,0.0,0.0,120.0,111.0,0.7827142510318038,0.14566642388929352,0.0,0.015537751881524642,0.0,0.0,0.029133284777858703,0.026948288419519302,0.2172857489681962,2803.0,2787.0,1724.0,0.9942918301819479,0.6150552978951124,302.0,18.0,0.059602649006622516,2024
31055007317,Census Tract 73.17; Douglas County; Nebraska,1773.0,102781.0,2569.525,1835.0,109.0,0.05940054495912807,4802.0,170.0,0.03540191586838817,2682.0,2.0,0.0007457121551081282,4802.0,3232.0,362.0,5.0,305.0,34.0,67.0,257.0,540.0,0.6730528946272386,0.07538525614327364,0.0010412328196584756,0.06351520199916702,0.007080383173677634,0.013952519783423574,0.05351936693044565,0.11245314452311538,0.3269471053727614,3351.0,3241.0,1230.0,0.9671739779170397,0.36705461056401073,319.0,124.0,0.3887147335423197,2024
31055007318,Census Tract 73.18; Douglas County; Nebraska,,146250.0,3656.25,3951.0,113.0,0.028600354340673248,11521.0,630.0,0.05468275323322628,6096.0,50.0,0.008202099737532808,11586.0,9877.0,599.0,3.0,215.0,0.0,286.0,291.0,315.0,0.8524943897807699,0.0517003279820473,0.0002589331952356292,0.01855687899188676,0.0,0.024684964612463316,0.025116519937856033,0.027187985499741066,0.14750561021923014,7417.0,7314.0,4343.0,0.9861129836861264,0.5855467170014831,221.0,25.0,0.11312217194570136,2024
31055007319,Census Tract 73.19; Douglas County; Nebraska,1052.0,99821.0,2495.525,1896.0,57.0,0.030063291139240507,5391.0,365.0,0.06770543498423298,3240.0,121.0,0.03734567901234568,5391.0,2425.0,1050.0,53.0,760.0,0.0,45.0,343.0,715.0,0.44982378037469856,0.19476905954368393,0.009831200148395475,0.14097570024114264,0.0,0.008347245409015025,0.06362455945093674,0.13262845483212762,0.5501762196253015,3426.0,2936.0,1110.0,0.8569760653823701,0.3239929947460595,144.0,114.0,0.7916666666666666,2024
31055007320,Census Tract 73.20; Douglas County; Nebraska,1344.0,105467.0,2636.6749999999997,1384.0,50.0,0.036127167630057806,4059.0,218.0,0.05370780980537078,2175.0,0.0,0.0,4059.0,1862.0,567.0,5.0,990.0,0.0,0.0,150.0,485.0,0.45873367824587336,0.13968957871396895,0.001231830500123183,0.24390243902439024,0.0,0.0,0.03695491500369549,0.11948755851194875,0.5412663217541267,2431.0,1781.0,567.0,0.732620320855615,0.2332373508844097,189.0,177.0,0.9365079365079365,2024
31055007406,Census Tract 74.06; Douglas County; Nebraska,1099.0,72075.0,1801.875,2500.0,67.0,0.0268,6083.0,447.0,0.07348347854676969,3162.0,183.0,0.05787476280834915,6223.0,5301.0,28.0,5.0,84.0,0.0,35.0,215.0,555.0,0.8518399485778564,0.0044994375703037125,0.0008034709946970914,0.013498312710911136,0.0,0.00562429696287964,0.03454925277197493,0.08918528041137715,0.1481600514221436,3805.0,3663.0,2191.0,0.9626806833114323,0.5758212877792378,1012.0,746.0,0.7371541501976284,2024
31055007407,Census Tract 74.07; Douglas County; Nebraska,1234.0,64570.0,1614.25,1616.0,134.0,0.08292079207920793,3527.0,228.0,0.06464417351857102,1887.0,124.0,0.06571277159512454,3527.0,2918.0,333.0,0.0,109.0,0.0,5.0,63.0,99.0,0.8273320102069748,0.094414516586334,0.0,0.030904451375106324,0.0,0.001417635384179189,0.017862205840657782,0.028069180606747946,0.17266798979302522,2476.0,2318.0,1075.0,0.9361873990306947,0.4341680129240711,730.0,374.0,0.5123287671232877,2024
31055007408,Census Tract 74.08; Douglas County; Nebraska,1261.0,62969.0,1574.2250000000001,1944.0,117.0,0.06018518518518518,4683.0,666.0,0.14221652786675207,2582.0,18.0,0.006971340046475601,4683.0,3382.0,251.0,0.0,254.0,0.0,0.0,87.0,709.0,0.7221866325005338,0.05359812086269485,0.0,0.054238735853085626,0.0,0.0,0.018577834721332478,0.1513986760623532,0.27781336749946617,3024.0,2766.0,788.0,0.9146825396825397,0.2605820105820106,981.0,528.0,0.5382262996941896,2024
31055007409,Census Tract 74.09; Douglas County; Nebraska,1329.0,81591.0,2039.7749999999999,880.0,30.0,0.03409090909090909,2003.0,135.0,0.06739890164752871,1201.0,40.0,0.03330557868442964,2006.0,1657.0,55.0,2.0,37.0,0.0,6.0,124.0,125.0,0.8260219341974078,0.027417746759720838,0.0009970089730807576,0.018444666001994018,0.0,0.0029910269192422734,0.06181455633100698,0.06231306081754736,0.17397806580259223,1544.0,1468.0,588.0,0.9507772020725389,0.38082901554404147,139.0,66.0,0.4748201438848921,2024
31055007424,Census Tract 74.24; Douglas County; Nebraska,1083.0,56179.0,1404.4750000000001,1499.0,92.0,0.061374249499666446,3040.0,521.0,0.1713815789473684,1549.0,91.0,0.05874757908327954,3045.0,2098.0,330.0,0.0,198.0,0.0,0.0,163.0,256.0,0.6889983579638752,0.10837438423645321,0.0,0.06502463054187192,0.0,0.0,0.053530377668308704,0.08407224958949097,0.3110016420361248,2177.0,2060.0,988.0,0.9462563160312356,0.4538355535140101,805.0,342.0,0.4248447204968944,2024
31055007429,Census Tract 74.29; Douglas County; Nebraska,1825.0,138125.0,3453.125,1454.0,8.0,0.005502063273727648,3783.0,76.0,0.020089875759978854,2358.0,33.0,0.013994910941475827,3783.0,3428.0,50.0,0.0,32.0,0.0,0.0,214.0,59.0,0.9061591329632567,0.013217023526301877,0.0,0.0084588950568332,0.0,0.0,0.05656886069257203,0.015596087761036215,0.09384086703674333,2487.0,2467.0,1384.0,0.9919581825492562,0.5564937675914756,359.0,111.0,0.30919220055710306,2024
31055007431,Census Tract 74.31; Douglas County; Nebraska,1542.0,95352.0,2383.7999999999997,1724.0,50.0,0.029002320185614848,4286.0,285.0,0.06649556696220252,2665.0,46.0,0.01726078799249531,4286.0,3346.0,319.0,0.0,128.0,0.0,0.0,203.0,290.0,0.780681287914139,0.07442837144190387,0.0,0.029864675688287448,0.0,0.0,0.047363509099393374,0.06766215585627625,0.21931871208586096,2951.0,2901.0,1647.0,0.9830565909861064,0.5581158929176551,574.0,333.0,0.5801393728222997,2024
31055007432,Census Tract 74.32; Douglas County; Nebraska,1609.0,78622.0,1965.55,1285.0,47.0,0.036575875486381325,2853.0,176.0,0.061689449702068,1702.0,38.0,0.022326674500587545,2853.0,2107.0,222.0,6.0,94.0,0.0,35.0,65.0,324.0,0.7385208552400981,0.07781282860147214,0.002103049421661409,0.03294777427269541,0.0,0.012267788293024886,0.02278303540133193,0.11356466876971609,0.26147914475990186,1972.0,1843.0,696.0,0.9345841784989858,0.35294117647058826,303.0,155.0,0.5115511551155115,2024
31055007433,Census Tract 74.33; Douglas County; Nebraska,1136.0,74846.0,1871.1499999999999,1835.0,75.0,0.04087193460490463,4014.0,492.0,0.12257100149476831,2412.0,87.0,0.036069651741293535,4103.0,2983.0,699.0,28.0,185.0,0.0,0.0,96.0,112.0,0.7270290031684133,0.17036314891542773,0.006824274920789666,0.04508895929807458,0.0,0.0,0.023397514014136,0.027297099683158663,0.27297099683158665,2688.0,2618.0,1081.0,0.9739583333333334,0.4021577380952381,805.0,482.0,0.5987577639751552,2024
31055007434,Census Tract 74.34; Douglas County; Nebraska,1162.0,68726.0,1718.1499999999999,1379.0,148.0,0.10732414793328499,2912.0,353.0,0.12122252747252747,1782.0,11.0,0.006172839506172839,2912.0,1890.0,168.0,0.0,33.0,0.0,0.0,322.0,499.0,0.6490384615384616,0.057692307692307696,0.0,0.011332417582417582,0.0,0.0,0.11057692307692307,0.1713598901098901,0.35096153846153844,1880.0,1801.0,535.0,0.9579787234042553,0.2845744680851064,910.0,418.0,0.4593406593406593,2024
31055007435,Census Tract 74.35; Douglas County; Nebraska,1684.0,84635.0,2115.875,1567.0,7.0,0.004467134652201659,3932.0,185.0,0.047049847405900305,2078.0,59.0,0.028392685274302214,4002.0,2944.0,230.0,0.0,0.0,54.0,0.0,339.0,435.0,0.735632183908046,0.05747126436781609,0.0,0.0,0.013493253373313344,0.0,0.08470764617691154,0.10869565217391304,0.26436781609195403,2535.0,2452.0,628.0,0.967258382642998,0.24773175542406312,342.0,137.0,0.40058479532163743,2024
31055007436,Census Tract 74.36; Douglas County; Nebraska,1069.0,65960.0,1649.0,1857.0,110.0,0.05923532579429187,4044.0,492.0,0.12166172106824925,2485.0,74.0,0.02977867203219316,4089.0,2811.0,557.0,45.0,201.0,0.0,0.0,303.0,172.0,0.6874541452677916,0.13621912448031304,0.011005135730007337,0.0491562729273661,0.0,0.0,0.07410124724871607,0.04206407434580582,0.3125458547322084,2985.0,2850.0,669.0,0.9547738693467337,0.2241206030150754,847.0,424.0,0.500590318772137,2024
31055007438,Census Tract 74.38; Douglas County; Nebraska,,107115.0,2677.875,752.0,40.0,0.05319148936170213,1753.0,63.0,0.03593839132915003,878.0,24.0,0.02733485193621868,1786.0,1675.0,26.0,0.0,8.0,0.0,0.0,15.0,62.0,0.9378499440089586,0.014557670772676373,0.0,0.004479283314669653,0.0,0.0,0.0083986562150056,0.03471444568868981,0.0621500559910414,1291.0,1220.0,647.0,0.9450038729666925,0.5011618900077459,101.0,41.0,0.40594059405940597,2024
31055007439,Census Tract 74.39; Douglas County; Nebraska,1365.0,106477.0,2661.9249999999997,1937.0,15.0,0.007743933918430563,4971.0,82.0,0.016495674914504124,3027.0,153.0,0.05054509415262636,4971.0,3528.0,296.0,0.0,106.0,0.0,19.0,93.0,929.0,0.7097163548581774,0.05954536310601489,0.0,0.02132367732850533,0.0,0.0038221685777509555,0.018708509354254676,0.18688392677529672,0.2902836451418226,3599.0,3533.0,1767.0,0.981661572659072,0.4909697138093915,508.0,215.0,0.42322834645669294,2024
31055007440,Census Tract 74.40; Douglas County; Nebraska,1135.0,59940.0,1498.5,1161.0,31.0,0.026701119724375538,2092.0,138.0,0.06596558317399617,1393.0,30.0,0.021536252692031587,2092.0,1331.0,203.0,0.0,297.0,0.0,7.0,97.0,157.0,0.6362332695984704,0.09703632887189292,0.0,0.14196940726577437,0.0,0.0033460803059273425,0.046367112810707455,0.07504780114722753,0.3637667304015296,1576.0,1500.0,696.0,0.9517766497461929,0.4416243654822335,872.0,314.0,0.36009174311926606,2024
31055007441,Census Tract 74.41; Douglas County; Nebraska,,152800.0,3820.0,792.0,10.0,0.012626262626262626,2416.0,28.0,0.011589403973509934,1186.0,15.0,0.012647554806070826,2416.0,2050.0,9.0,8.0,255.0,0.0,21.0,25.0,48.0,0.8485099337748344,0.0037251655629139072,0.0033112582781456954,0.10554635761589404,0.0,0.00869205298013245,0.010347682119205299,0.019867549668874173,0.1514900662251656,1604.0,1576.0,1099.0,0.9825436408977556,0.6851620947630923,28.0,0.0,0.0,2024
31055007442,Census Tract 74.42; Douglas County; Nebraska,,119875.0,2996.875,1829.0,48.0,0.026243849097867686,5045.0,71.0,0.014073339940535183,2455.0,108.0,0.043991853360488796,5045.0,3909.0,308.0,0.0,198.0,0.0,57.0,426.0,147.0,0.7748265609514371,0.06105054509415263,0.0,0.03924677898909812,0.0,0.011298315163528246,0.0844400396432111,0.029137760158572844,0.2251734390485629,3417.0,3373.0,1896.0,0.987123207491952,0.5548726953467954,47.0,15.0,0.3191489361702128,2024
31055007443,Census Tract 74.43; Douglas County; Nebraska,1121.0,105819.0,2645.475,1527.0,96.0,0.06286836935166994,3257.0,49.0,0.015044519496469143,1855.0,36.0,0.01940700808625337,3285.0,2803.0,115.0,7.0,94.0,0.0,0.0,171.0,95.0,0.8532724505327245,0.0350076103500761,0.00213089802130898,0.028614916286149164,0.0,0.0,0.052054794520547946,0.0289193302891933,0.1467275494672755,2484.0,2472.0,1584.0,0.9951690821256038,0.6376811594202898,451.0,247.0,0.5476718403547672,2024
31055007444,Census Tract 74.44; Douglas County; Nebraska,1212.0,50271.0,1256.7749999999999,2871.0,319.0,0.1111111111111111,4640.0,568.0,0.12241379310344827,3224.0,73.0,0.022642679900744415,4640.0,3184.0,517.0,0.0,396.0,0.0,84.0,370.0,89.0,0.6862068965517242,0.11142241379310344,0.0,0.0853448275862069,0.0,0.01810344827586207,0.07974137931034483,0.01918103448275862,0.3137931034482758,3223.0,3122.0,1608.0,0.9686627365808254,0.4989140552280484,2725.0,1373.0,0.5038532110091744,2024
31055007445,Census Tract 74.45; Douglas County; Nebraska,1152.0,55953.0,1398.8249999999998,1213.0,191.0,0.1574608408903545,2667.0,161.0,0.06036745406824147,1343.0,62.0,0.04616530156366344,2667.0,1590.0,468.0,0.0,11.0,0.0,5.0,201.0,392.0,0.5961754780652418,0.17547806524184478,0.0,0.004124484439445069,0.0,0.0018747656542932134,0.07536557930258718,0.14698162729658792,0.40382452193475815,1751.0,1655.0,704.0,0.9451741861793261,0.40205596801827526,606.0,410.0,0.6765676567656765,2024
31055007446,Census Tract 74.46; Douglas County; Nebraska,1531.0,165000.0,4125.0,1434.0,35.0,0.024407252440725245,3964.0,13.0,0.003279515640766902,2266.0,21.0,0.009267431597528684,3964.0,3433.0,11.0,0.0,94.0,0.0,9.0,210.0,207.0,0.8660443995963673,0.0027749747729566097,0.0,0.023713420787083755,0.0,0.002270433905146317,0.052976791120080725,0.052219979818365285,0.13395560040363275,2637.0,2607.0,1833.0,0.9886234357224118,0.6951080773606371,246.0,125.0,0.508130081300813,2024
31055007447,Census Tract 74.47; Douglas County; Nebraska,1376.0,101016.0,2525.4,1165.0,0.0,0.0,2826.0,167.0,0.05909412597310686,1820.0,49.0,0.026923076923076925,2826.0,2108.0,61.0,0.0,33.0,0.0,33.0,93.0,498.0,0.745930644019816,0.021585279547062988,0.0,0.01167728237791932,0.0,0.01167728237791932,0.032908704883227176,0.1762208067940552,0.254069355980184,1990.0,1968.0,1034.0,0.9889447236180905,0.5195979899497487,401.0,102.0,0.2543640897755611,2024
31055007448,Census Tract 74.48; Douglas County; Nebraska,891.0,107257.0,2681.4249999999997,1283.0,103.0,0.08028059236165237,3192.0,192.0,0.06015037593984962,1465.0,0.0,0.0,3268.0,2976.0,41.0,0.0,0.0,0.0,31.0,16.0,204.0,0.9106487148102815,0.012545899632802938,0.0,0.0,0.0,0.009485924112607099,0.004895960832313341,0.06242350061199511,0.08935128518971847,2290.0,2265.0,1191.0,0.9890829694323144,0.5200873362445415,190.0,92.0,0.4842105263157895,2024
31055007449,Census Tract 74.49; Douglas County; Nebraska,1820.0,110263.0,2756.5750000000003,1500.0,26.0,0.017333333333333333,3379.0,142.0,0.042024267534773604,1608.0,66.0,0.041044776119402986,3418.0,2916.0,0.0,0.0,307.0,0.0,0.0,25.0,170.0,0.8531304856641311,0.0,0.0,0.08981860737273259,0.0,0.0,0.007314218841427736,0.0497366881217086,0.14686951433586892,2519.0,2518.0,1606.0,0.999603017070266,0.6375545851528385,369.0,232.0,0.6287262872628726,2024
31055007450,Census Tract 74.50; Douglas County; Nebraska,2096.0,100083.0,2502.075,1271.0,11.0,0.00865460267505901,3285.0,132.0,0.04018264840182648,1760.0,7.0,0.003977272727272727,3285.0,2806.0,131.0,0.0,0.0,0.0,15.0,131.0,202.0,0.854185692541857,0.039878234398782346,0.0,0.0,0.0,0.0045662100456621,0.039878234398782346,0.061491628614916284,0.14581430745814306,2215.0,2146.0,905.0,0.9688487584650113,0.40857787810383744,49.0,43.0,0.8775510204081632,2024
31055007451,Census Tract 74.51; Douglas County; Nebraska,1448.0,89083.0,2227.075,2379.0,28.0,0.011769651113913409,5069.0,227.0,0.04478200828565792,2635.0,0.0,0.0,5069.0,4010.0,207.0,0.0,122.0,0.0,0.0,92.0,638.0,0.7910830538567765,0.040836456894851055,0.0,0.024067863483921877,0.0,0.0,0.01814953639771158,0.125863089366739,0.20891694614322354,3651.0,3510.0,1717.0,0.961380443714051,0.47028211448918106,891.0,496.0,0.5566778900112234,2024
31055007452,Census Tract 74.52; Douglas County; Nebraska,1073.0,157250.0,3931.25,1762.0,62.0,0.03518728717366629,4922.0,94.0,0.01909792767167818,2925.0,87.0,0.029743589743589743,4942.0,3748.0,101.0,3.0,639.0,0.0,12.0,188.0,251.0,0.7583974099554837,0.020437070012140835,0.0006070416835289356,0.12929987859166328,0.0,0.0024281667341157424,0.03804127883447997,0.050789154188587614,0.24160259004451634,3302.0,3255.0,2131.0,0.9857662023016354,0.645366444579043,93.0,19.0,0.20430107526881722,2024
31055007453,Census Tract 74.53; Douglas County; Nebraska,2146.0,138333.0,3458.3250000000003,1324.0,23.0,0.017371601208459216,3575.0,41.0,0.01146853146853147,2262.0,74.0,0.032714412024756855,3575.0,3163.0,73.0,0.0,60.0,0.0,71.0,132.0,76.0,0.8847552447552448,0.02041958041958042,0.0,0.016783216783216783,0.0,0.01986013986013986,0.036923076923076927,0.02125874125874126,0.11524475524475519,2370.0,2359.0,1356.0,0.9953586497890295,0.5721518987341773,92.0,3.0,0.03260869565217391,2024
31055007454,Census Tract 74.54; Douglas County; Nebraska,1778.0,107581.0,2689.525,1844.0,91.0,0.04934924078091106,4287.0,182.0,0.042453930487520414,2252.0,35.0,0.015541740674955595,4418.0,3738.0,79.0,23.0,41.0,0.0,24.0,149.0,364.0,0.8460842009959257,0.017881394296061566,0.00520597555454957,0.009280217292892712,0.0,0.005432322317790856,0.03372566772295156,0.08239022181982798,0.15391579900407426,3227.0,3102.0,1557.0,0.9612643321970871,0.48249147815308335,632.0,245.0,0.3876582278481013,2024
31055007455,Census Tract 74.55; Douglas County; Nebraska,1221.0,58592.0,1464.8,882.0,9.0,0.01020408163265306,1621.0,174.0,0.10734114743985194,1110.0,32.0,0.02882882882882883,1621.0,1334.0,33.0,0.0,24.0,0.0,0.0,46.0,184.0,0.8229487970388649,0.020357803824799507,0.0,0.014805675508945095,0.0,0.0,0.0283775447254781,0.1135101789019124,0.17705120296113508,1204.0,1112.0,360.0,0.9235880398671097,0.29900332225913623,553.0,260.0,0.4701627486437613,2024
31055007456,Census Tract 74.56; Douglas County; Nebraska,1165.0,70982.0,1774.55,1021.0,14.0,0.013712047012732615,2252.0,266.0,0.11811722912966252,1235.0,2.0,0.0016194331983805667,2252.0,1974.0,0.0,0.0,52.0,0.0,0.0,65.0,161.0,0.8765541740674956,0.0,0.0,0.023090586145648313,0.0,0.0,0.02886323268206039,0.07149200710479574,0.12344582593250442,1569.0,1459.0,497.0,0.9298916507329509,0.31676226896112175,330.0,102.0,0.3090909090909091,2024
31055007457,Census Tract 74.57; Douglas County; Nebraska,974.0,58148.0,1453.6999999999998,1306.0,141.0,0.10796324655436447,2191.0,193.0,0.08808763121862163,1395.0,20.0,0.014336917562724014,2191.0,1767.0,119.0,6.0,102.0,1.0,0.0,88.0,108.0,0.806481058877225,0.054313099041533544,0.0027384755819260614,0.04655408489274304,0.00045641259698767686,0.0,0.040164308534915566,0.0492925604746691,0.193518941122775,1653.0,1506.0,648.0,0.911070780399274,0.39201451905626133,921.0,359.0,0.38979370249728557,2024
31055007458,Census Tract 74.58; Douglas County; Nebraska,967.0,67614.0,1690.3500000000001,1281.0,88.0,0.06869633099141297,2576.0,281.0,0.10908385093167702,1660.0,97.0,0.058433734939759036,2576.0,1294.0,451.0,0.0,95.0,0.0,0.0,109.0,627.0,0.5023291925465838,0.1750776397515528,0.0,0.03687888198757764,0.0,0.0,0.04231366459627329,0.24340062111801242,0.4976708074534162,1907.0,1849.0,608.0,0.9695857367593078,0.3188253801782905,738.0,234.0,0.3170731707317073,2024
31055007459,Census Tract 74.59; Douglas County; Nebraska,1207.0,59036.0,1475.8999999999999,1665.0,103.0,0.061861861861861864,3463.0,186.0,0.05371065550101069,1999.0,51.0,0.025512756378189096,3467.0,2221.0,19.0,10.0,20.0,0.0,43.0,172.0,982.0,0.6406114796654168,0.0054802422843957315,0.002884338044418806,0.005768676088837612,0.0,0.012402653591000866,0.049610614364003464,0.28324199596192673,0.35938852033458324,2308.0,1996.0,637.0,0.8648180242634316,0.27599653379549394,818.0,362.0,0.44254278728606355,2024
31055007460,Census Tract 74.60; Douglas County; Nebraska,1476.0,172619.0,4315.474999999999,1404.0,10.0,0.007122507122507123,4497.0,170.0,0.0378029797642873,2214.0,39.0,0.017615176151761516,4497.0,3794.0,11.0,0.0,300.0,0.0,0.0,216.0,176.0,0.8436735601512119,0.0024460751612185904,0.0,0.066711140760507,0.0,0.0,0.04803202134756504,0.039137202579497446,0.15632643984878813,2763.0,2706.0,1805.0,0.9793702497285559,0.6532754252623959,46.0,18.0,0.391304347826087,2024
31055007461,Census Tract 74.61; Douglas County; Nebraska,1470.0,151783.0,3794.5750000000003,2207.0,35.0,0.0158586316266425,6107.0,80.0,0.013099721630915342,3646.0,58.0,0.015907844212835986,6107.0,4867.0,102.0,0.0,529.0,0.0,2.0,341.0,266.0,0.7969543147208121,0.01670214507941706,0.0,0.0866219092844277,0.0,0.0003274930407728836,0.05583756345177665,0.043556574422793516,0.20304568527918787,4016.0,3876.0,2000.0,0.9651394422310757,0.49800796812749004,511.0,116.0,0.22700587084148727,2024
31055007462,Census Tract 74.62; Douglas County; Nebraska,1411.0,79063.0,1976.5749999999998,1798.0,18.0,0.010011123470522803,4561.0,394.0,0.08638456478842359,2352.0,86.0,0.036564625850340135,4579.0,3508.0,254.0,4.0,76.0,0.0,0.0,263.0,474.0,0.7661061367110723,0.05547062677440489,0.0008735531775496833,0.016597510373443983,0.0,0.0,0.05743612142389168,0.10351605153963747,0.2338938632889277,3105.0,2796.0,1008.0,0.9004830917874396,0.32463768115942027,569.0,235.0,0.4130052724077329,2024
31055007463,Census Tract 74.63; Douglas County; Nebraska,1180.0,79453.0,1986.3249999999998,1621.0,26.0,0.016039481801357187,3861.0,205.0,0.053095053095053094,2356.0,121.0,0.05135823429541596,3868.0,3207.0,46.0,0.0,12.0,7.0,11.0,58.0,527.0,0.8291106514994829,0.011892450879007239,0.0,0.0031023784901758012,0.0018097207859358842,0.002843846949327818,0.01499482936918304,0.13624612202688727,0.17088934850051707,2638.0,2557.0,930.0,0.969294920394238,0.3525398028809704,480.0,312.0,0.65,2024
31055007464,Census Tract 74.64; Douglas County; Nebraska,1548.0,88316.0,2207.9,1394.0,28.0,0.020086083213773313,2794.0,172.0,0.06156048675733715,1553.0,58.0,0.03734707018673535,2875.0,2459.0,1.0,0.0,60.0,0.0,9.0,155.0,191.0,0.855304347826087,0.00034782608695652176,0.0,0.020869565217391306,0.0,0.003130434782608696,0.05391304347826087,0.06643478260869565,0.144695652173913,2316.0,2233.0,1071.0,0.9641623488773747,0.46243523316062174,435.0,185.0,0.42528735632183906,2024
31055007465,Census Tract 74.65; Douglas County; Nebraska,1312.0,80660.0,2016.5,1807.0,143.0,0.07913669064748201,4174.0,377.0,0.09032103497843795,2348.0,85.0,0.036201022146507666,4224.0,2531.0,87.0,0.0,793.0,0.0,11.0,163.0,639.0,0.5991950757575758,0.020596590909090908,0.0,0.18773674242424243,0.0,0.0026041666666666665,0.03858901515151515,0.1512784090909091,0.4008049242424242,2955.0,2792.0,1162.0,0.9448392554991539,0.3932318104906937,774.0,326.0,0.42118863049095606,2024
31055007466,Census Tract 74.66; Douglas County; Nebraska,1063.0,72689.0,1817.2250000000001,2781.0,205.0,0.07371449119021935,5296.0,674.0,0.12726586102719034,3357.0,45.0,0.013404825737265416,5296.0,3884.0,112.0,0.0,103.0,0.0,36.0,285.0,876.0,0.7333836858006042,0.021148036253776436,0.0,0.019448640483383687,0.0,0.006797583081570997,0.053814199395770396,0.16540785498489427,0.2666163141993958,3862.0,3653.0,1597.0,0.9458829621957535,0.41351631279129986,1654.0,915.0,0.5532043530834341,2024
31055007467,Census Tract 74.67; Douglas County; Nebraska,1036.0,69531.0,1738.2749999999999,2053.0,57.0,0.027764247442766683,4505.0,539.0,0.11964483906770255,3098.0,135.0,0.04357650096836669,4571.0,3211.0,68.0,0.0,166.0,0.0,0.0,104.0,1022.0,0.7024721067600087,0.014876394661999562,0.0,0.036315904616057756,0.0,0.0,0.022752133012469918,0.22358346094946402,0.2975278932399913,3107.0,2940.0,1201.0,0.9462504023173479,0.38654650788542,1098.0,426.0,0.3879781420765027,2024
31055007468,Census Tract 74.68; Douglas County; Nebraska,1072.0,90625.0,2265.625,1036.0,10.0,0.009652509652509652,2540.0,69.0,0.02716535433070866,1522.0,34.0,0.022339027595269383,2554.0,1941.0,37.0,0.0,0.0,0.0,0.0,23.0,553.0,0.7599843382928739,0.014487079091620987,0.0,0.0,0.0,0.0,0.009005481597494126,0.21652310101801095,0.24001566170712607,1847.0,1703.0,408.0,0.9220357336220899,0.22089875473741202,197.0,124.0,0.6294416243654822,2024
31055007469,Census Tract 74.69; Douglas County; Nebraska,1702.0,123790.0,3094.75,1870.0,37.0,0.019786096256684493,4691.0,159.0,0.03389469196333404,2925.0,22.0,0.007521367521367521,4704.0,3528.0,122.0,18.0,265.0,0.0,12.0,417.0,342.0,0.75,0.025935374149659865,0.003826530612244898,0.05633503401360544,0.0,0.002551020408163265,0.08864795918367346,0.07270408163265306,0.25,3176.0,3023.0,1585.0,0.9518261964735516,0.49905541561712846,474.0,180.0,0.379746835443038,2024
31055007470,Census Tract 74.70; Douglas County; Nebraska,1404.0,91736.0,2293.4,2724.0,17.0,0.006240822320117474,6907.0,207.0,0.02996959606196612,4110.0,50.0,0.012165450121654502,6907.0,5212.0,211.0,9.0,559.0,0.0,0.0,461.0,455.0,0.7545967858694078,0.030548718691182856,0.0013030259157376576,0.08093238743303895,0.0,0.0,0.0667438830172289,0.06587519907340379,0.24540321413059218,4519.0,4412.0,1999.0,0.9763221951759239,0.4423545032086745,1289.0,486.0,0.3770364623739333,2024
31055007471,Census Tract 74.71; Douglas County; Nebraska,1399.0,113523.0,2838.0750000000003,1475.0,169.0,0.11457627118644068,4061.0,184.0,0.04530903718295986,2043.0,77.0,0.03768967205090553,4061.0,2902.0,328.0,7.0,215.0,0.0,27.0,155.0,427.0,0.7146023147008126,0.08076828367397193,0.0017237133710908644,0.05294262496921941,0.0,0.006648608717064762,0.03816793893129771,0.10514651563654272,0.2853976852991874,2698.0,2631.0,1395.0,0.9751667902149741,0.5170496664195701,438.0,245.0,0.5593607305936074,2024
31055007472,Census Tract 74.72; Douglas County; Nebraska,2652.0,109398.0,2734.9500000000003,1615.0,0.0,0.0,3940.0,117.0,0.02969543147208122,2354.0,42.0,0.01784197111299915,3966.0,3367.0,159.0,0.0,91.0,0.0,9.0,119.0,221.0,0.8489662128088754,0.040090771558245086,0.0,0.022945032778618254,0.0,0.0022692889561270802,0.03000504286434695,0.055723651033787194,0.1510337871911246,2944.0,2882.0,1649.0,0.9789402173913043,0.5601222826086957,103.0,85.0,0.8252427184466019,2024
31055007473,Census Tract 74.73; Douglas County; Nebraska,,73750.0,1843.75,8.0,0.0,0.0,371.0,246.0,0.6630727762803235,230.0,37.0,0.1608695652173913,809.0,375.0,270.0,41.0,9.0,0.0,0.0,12.0,102.0,0.4635352286773795,0.3337453646477132,0.05067985166872682,0.011124845488257108,0.0,0.0,0.014833127317676144,0.1260815822002472,0.5364647713226205,363.0,363.0,114.0,1.0,0.3140495867768595,8.0,3.0,0.375,2024
31055007474,Census Tract 74.74; Douglas County; Nebraska,3501.0,238793.0,5969.825,652.0,69.0,0.1058282208588957,1547.0,52.0,0.03361344537815126,775.0,42.0,0.05419354838709677,1547.0,1374.0,42.0,4.0,99.0,0.0,0.0,22.0,6.0,0.8881706528765352,0.027149321266968326,0.002585649644473174,0.06399482870071105,0.0,0.0,0.014221073044602456,0.003878474466709761,0.11182934712346482,1103.0,1068.0,779.0,0.9682683590208522,0.7062556663644606,99.0,84.0,0.8484848484848485,2024
31055007504,Census Tract 75.04; Douglas County; Nebraska,988.0,102050.0,2551.25,1725.0,86.0,0.049855072463768114,3766.0,237.0,0.06293149229952204,2074.0,74.0,0.03567984570877531,3809.0,3479.0,42.0,0.0,31.0,0.0,0.0,123.0,134.0,0.9133630874245209,0.011026516145970071,0.0,0.008138619060120767,0.0,0.0,0.03229194014176949,0.0351798372276188,0.08663691257547912,2879.0,2754.0,1391.0,0.9565821465786731,0.4831538728725252,406.0,190.0,0.46798029556650245,2024
31055007505,Census Tract 75.05; Douglas County; Nebraska,1513.0,152301.0,3807.5249999999996,1855.0,34.0,0.018328840970350403,5663.0,299.0,0.052798869856966274,2916.0,38.0,0.013031550068587106,5663.0,4846.0,104.0,28.0,242.0,8.0,24.0,181.0,230.0,0.8557301783506975,0.018364824298075226,0.004944375772558714,0.04273353346282889,0.0014126787921596327,0.004238036376478898,0.03196185767261169,0.04061451527458944,0.14426982164930247,3540.0,3510.0,2091.0,0.9915254237288136,0.5906779661016949,206.0,33.0,0.16019417475728157,2024
31055007506,Census Tract 75.06; Douglas County; Nebraska,1491.0,115500.0,2887.5,1322.0,11.0,0.00832072617246596,3563.0,372.0,0.10440639910188043,1965.0,78.0,0.03969465648854962,3596.0,2980.0,50.0,0.0,161.0,0.0,22.0,224.0,159.0,0.8286985539488321,0.013904338153503892,0.0,0.044771968854282536,0.0,0.006117908787541713,0.06229143492769744,0.044215795328142384,0.17130144605116793,2164.0,2154.0,1228.0,0.9953789279112755,0.5674676524953789,410.0,75.0,0.18292682926829268,2024
31055007508,Census Tract 75.08; Douglas County; Nebraska,1382.0,111889.0,2797.225,1325.0,27.0,0.020377358490566037,3109.0,123.0,0.039562560308780956,1566.0,120.0,0.07662835249042145,3109.0,2822.0,46.0,0.0,12.0,0.0,0.0,144.0,85.0,0.907687359279511,0.014795754261820521,0.0,0.0038597619813444837,0.0,0.0,0.04631714377613381,0.027339980701190092,0.09231264072048895,2434.0,2384.0,985.0,0.9794576828266228,0.40468364831553,222.0,52.0,0.23423423423423423,2024
31055007509,Census Tract 75.09; Douglas County; Nebraska,2205.0,179444.0,4486.099999999999,2936.0,40.0,0.013623978201634877,9420.0,119.0,0.012632696390658175,4613.0,20.0,0.004335573379579449,9420.0,8560.0,8.0,25.0,455.0,0.0,16.0,68.0,288.0,0.9087048832271762,0.0008492569002123143,0.002653927813163482,0.048301486199575375,0.0,0.0016985138004246285,0.007218683651804671,0.030573248407643312,0.09129511677282376,5619.0,5567.0,3951.0,0.9907456842854601,0.7031500266951415,115.0,99.0,0.8608695652173913,2024
31055007514,Census Tract 75.14; Douglas County; Nebraska,1762.0,243857.0,6096.424999999999,1628.0,0.0,0.0,4542.0,75.0,0.016512549537648614,2355.0,23.0,0.009766454352441613,4542.0,3601.0,43.0,0.0,468.0,0.0,0.0,280.0,150.0,0.7928225451343021,0.00946719506825187,0.0,0.10303830911492734,0.0,0.0,0.06164685160722149,0.03302509907529723,0.20717745486569794,2989.0,2936.0,2345.0,0.9822683171629307,0.7845433255269321,161.0,8.0,0.049689440993788817,2024
31055007515,Census Tract 75.15; Douglas County; Nebraska,1302.0,161823.0,4045.5750000000003,1836.0,0.0,0.0,5455.0,56.0,0.010265811182401467,3055.0,14.0,0.004582651391162029,5455.0,4615.0,43.0,2.0,134.0,0.0,0.0,266.0,395.0,0.846012832263978,0.007882676443629697,0.00036663611365719525,0.02456461961503208,0.0,0.0,0.04876260311640697,0.07241063244729606,0.15398716773602195,3215.0,3184.0,2218.0,0.990357698289269,0.689891135303266,307.0,117.0,0.3811074918566775,2024
31055007516,Census Tract 75.16; Douglas County; Nebraska,2154.0,139290.0,3482.25,1503.0,60.0,0.03992015968063872,4349.0,179.0,0.04115888710048287,2540.0,86.0,0.03385826771653543,4390.0,3398.0,66.0,0.0,407.0,0.0,0.0,299.0,220.0,0.7740318906605923,0.015034168564920273,0.0,0.09271070615034169,0.0,0.0,0.06810933940774487,0.05011389521640091,0.2259681093394077,2710.0,2585.0,1553.0,0.9538745387453874,0.5730627306273063,97.0,26.0,0.26804123711340205,2024
31055007517,Census Tract 75.17; Douglas County; Nebraska,2074.0,132242.0,3306.0499999999997,2553.0,0.0,0.0,7150.0,192.0,0.026853146853146853,4240.0,45.0,0.01061320754716981,7212.0,5972.0,80.0,26.0,245.0,0.0,27.0,671.0,191.0,0.8280643372157516,0.011092623405435386,0.0036051026067665,0.033971159179145866,0.0,0.0037437603993344427,0.0930393788130893,0.026483638380476984,0.17193566278424843,4647.0,4606.0,2429.0,0.9911771035076393,0.5227028190230256,501.0,107.0,0.21357285429141717,2024
31055007518,Census Tract 75.18; Douglas County; Nebraska,1415.0,102083.0,2552.075,2524.0,147.0,0.05824088748019018,6386.0,275.0,0.04306295020357031,3424.0,197.0,0.057535046728971966,6471.0,5805.0,74.0,0.0,65.0,0.0,0.0,226.0,301.0,0.8970792767732962,0.011435635914078195,0.0,0.01004481532993355,0.0,0.0,0.03492505022407665,0.04651522175861536,0.10292072322670376,4144.0,4032.0,2135.0,0.972972972972973,0.5152027027027027,1309.0,425.0,0.3246753246753247,2024
31055007519,Census Tract 75.19; Douglas County; Nebraska,1446.0,126241.0,3156.0249999999996,2593.0,37.0,0.014269186270728885,6583.0,117.0,0.017773051800091144,3499.0,29.0,0.008288082309231209,6599.0,5387.0,48.0,0.0,335.0,0.0,0.0,236.0,593.0,0.8163358084558267,0.007273829368086074,0.0,0.05076526746476739,0.0,0.0,0.035762994393089866,0.08986210031823004,0.18366419154417335,4308.0,4261.0,2430.0,0.9890900649953575,0.564066852367688,647.0,369.0,0.5703245749613601,2024
31055007520,Census Tract 75.20; Douglas County; Nebraska,1574.0,194231.0,4855.775,1500.0,166.0,0.11066666666666666,4811.0,169.0,0.035127832051548534,2356.0,0.0,0.0,4811.0,3907.0,143.0,0.0,458.0,0.0,0.0,153.0,150.0,0.8120972770733735,0.029723550197464144,0.0,0.09519850342964041,0.0,0.0,0.03180212014134275,0.03117854915817917,0.18790272292662646,2744.0,2638.0,1987.0,0.9613702623906706,0.7241253644314869,309.0,160.0,0.517799352750809,2024
31055007521,Census Tract 75.21; Douglas County; Nebraska,2188.0,133711.0,3342.7749999999996,1323.0,0.0,0.0,3970.0,73.0,0.018387909319899243,2274.0,47.0,0.020668425681618294,3970.0,2927.0,54.0,11.0,295.0,0.0,0.0,198.0,485.0,0.7372795969773299,0.013602015113350126,0.0027707808564231737,0.0743073047858942,0.0,0.0,0.04987405541561713,0.12216624685138538,0.2627204030226701,2332.0,2301.0,1196.0,0.9867066895368782,0.5128644939965694,65.0,30.0,0.46153846153846156,2024
31055007522,Census Tract 75.22; Douglas County; Nebraska,1540.0,159709.0,3992.725,959.0,43.0,0.04483837330552659,2752.0,19.0,0.006904069767441861,1696.0,0.0,0.0,2757.0,2042.0,5.0,0.0,303.0,0.0,0.0,222.0,185.0,0.7406601378309757,0.0018135654697134566,0.0,0.10990206746463548,0.0,0.0,0.08052230685527748,0.0671019223793979,0.25933986216902427,1713.0,1702.0,1178.0,0.9935785172212492,0.6876824284880327,192.0,75.0,0.390625,2024
31055007523,Census Tract 75.23; Douglas County; Nebraska,1784.0,208325.0,5208.125,767.0,7.0,0.009126466753585397,2210.0,124.0,0.056108597285067875,1166.0,21.0,0.018010291595197257,2321.0,1934.0,4.0,0.0,39.0,0.0,185.0,49.0,110.0,0.8332615252046531,0.0017233950883239983,0.0,0.01680310211115898,0.0,0.07970702283498492,0.02111158983196898,0.04739336492890995,0.16673847479534687,1546.0,1528.0,1119.0,0.9883570504527813,0.7238033635187581,80.0,41.0,0.5125,2024
31055007524,Census Tract 75.24; Douglas County; Nebraska,1683.0,118156.0,2953.8999999999996,1875.0,103.0,0.054933333333333334,4183.0,150.0,0.03585943103036098,2393.0,19.0,0.007939824488090262,4218.0,3546.0,14.0,5.0,338.0,0.0,0.0,97.0,218.0,0.8406827880512091,0.003319108582266477,0.0011853959222380276,0.08013276434329066,0.0,0.0,0.022996680891417733,0.051683262209578,0.1593172119487909,2911.0,2906.0,2112.0,0.998282377189969,0.7255238749570594,775.0,399.0,0.5148387096774194,2024
